{"data":[{"player_id":367,"team_id":13},{"player_id":389,"team_id":13},{"player_id":1896,"team_id":13},{"player_id":250,"team_id":13},{"player_id":111,"team_id":13},{"player_id":431,"team_id":13},{"player_id":2143,"team_id":13},{"player_id":245,"team_id":13},{"player_id":302,"team_id":13},{"player_id":1865,"team_id":13},{"player_id":2150,"team_id":13},{"player_id":2105,"team_id":13},{"player_id":393,"team_id":13},{"player_id":2008,"team_id":13},{"player_id":1168,"team_id":13},{"player_id":189,"team_id":13}]}
