{"data":[{"player_id":29,"team_id":7},{"player_id":1532,"team_id":7},{"player_id":1219,"team_id":7},{"player_id":1012,"team_id":7},{"player_id":1242,"team_id":7},{"player_id":1267,"team_id":7},{"player_id":346,"team_id":7},{"player_id":946,"team_id":7},{"player_id":1121,"team_id":7},{"player_id":1367,"team_id":7},{"player_id":1132,"team_id":7},{"player_id":1706,"team_id":7},{"player_id":579,"team_id":7},{"player_id":1705,"team_id":7},{"player_id":1470,"team_id":7},{"player_id":195,"team_id":7}]}
