{"data":[{"player_id":474,"team_id":16},{"player_id":1782,"team_id":16},{"player_id":2069,"team_id":16},{"player_id":1728,"team_id":16},{"player_id":39,"team_id":16},{"player_id":203,"team_id":16},{"player_id":1482,"team_id":16},{"player_id":124,"team_id":16},{"player_id":341,"team_id":16},{"player_id":146,"team_id":16},{"player_id":461,"team_id":16},{"player_id":1822,"team_id":16},{"player_id":1617,"team_id":16},{"player_id":1801,"team_id":16},{"player_id":244,"team_id":16},{"player_id":1933,"team_id":16},{"player_id":2093,"team_id":16},{"player_id":2095,"team_id":16},{"player_id":1389,"team_id":16},{"player_id":1708,"team_id":16}]}
