{"data":[{"player_id":2149,"team_id":30},{"player_id":376,"team_id":30},{"player_id":1849,"team_id":30},{"player_id":2062,"team_id":30},{"player_id":423,"team_id":30},{"player_id":179,"team_id":30},{"player_id":467,"team_id":30},{"player_id":294,"team_id":30},{"player_id":37,"team_id":30},{"player_id":360,"team_id":30},{"player_id":329,"team_id":30},{"player_id":163,"team_id":30},{"player_id":2200,"team_id":30},{"player_id":408,"team_id":30},{"player_id":410,"team_id":30},{"player_id":311,"team_id":30},{"player_id":396,"team_id":30}]}
