{"data":[{"player_id":1224,"team_id":16},{"player_id":752,"team_id":16},{"player_id":662,"team_id":16},{"player_id":1312,"team_id":16},{"player_id":754,"team_id":16},{"player_id":1151,"team_id":16},{"player_id":2952,"team_id":16},{"player_id":1387,"team_id":16},{"player_id":1167,"team_id":16},{"player_id":892,"team_id":16},{"player_id":3022,"team_id":16},{"player_id":881,"team_id":16},{"player_id":771,"team_id":16},{"player_id":1377,"team_id":16},{"player_id":793,"team_id":16},{"player_id":1394,"team_id":16},{"player_id":1384,"team_id":16}]}
