{"data":[{"player_id":1766,"team_id":16},{"player_id":203,"team_id":16},{"player_id":1795,"team_id":16},{"player_id":1685,"team_id":16},{"player_id":1774,"team_id":16},{"player_id":461,"team_id":16},{"player_id":1794,"team_id":16},{"player_id":735,"team_id":16},{"player_id":1556,"team_id":16},{"player_id":1314,"team_id":16},{"player_id":1155,"team_id":16},{"player_id":1672,"team_id":16},{"player_id":1758,"team_id":16},{"player_id":1161,"team_id":16},{"player_id":771,"team_id":16},{"player_id":799,"team_id":16},{"player_id":1603,"team_id":16},{"player_id":1587,"team_id":16}]}
