{"data":[{"player_id":113,"team_id":25},{"player_id":1799,"team_id":25},{"player_id":1908,"team_id":25},{"player_id":1592,"team_id":25},{"player_id":1016,"team_id":25},{"player_id":6,"team_id":25},{"player_id":1689,"team_id":25},{"player_id":33,"team_id":25},{"player_id":319,"team_id":25},{"player_id":301,"team_id":25},{"player_id":1879,"team_id":25},{"player_id":1222,"team_id":25},{"player_id":1798,"team_id":25},{"player_id":1167,"team_id":25},{"player_id":1878,"team_id":25},{"player_id":1916,"team_id":25},{"player_id":1286,"team_id":25}]}
