{"data":[{"player_id":1690,"team_id":21},{"player_id":1537,"team_id":21},{"player_id":188,"team_id":21},{"player_id":1283,"team_id":21},{"player_id":1236,"team_id":21},{"player_id":1342,"team_id":21},{"player_id":1536,"team_id":21},{"player_id":1558,"team_id":21},{"player_id":957,"team_id":21},{"player_id":1538,"team_id":21},{"player_id":1802,"team_id":21},{"player_id":1825,"team_id":21},{"player_id":140,"team_id":21},{"player_id":472,"team_id":21},{"player_id":1422,"team_id":21},{"player_id":1836,"team_id":21}]}
