{"data":[{"player_id":847,"team_id":30},{"player_id":529,"team_id":30},{"player_id":948,"team_id":30},{"player_id":820,"team_id":30},{"player_id":637,"team_id":30},{"player_id":947,"team_id":30},{"player_id":921,"team_id":30},{"player_id":3041,"team_id":30},{"player_id":922,"team_id":30},{"player_id":668,"team_id":30},{"player_id":801,"team_id":30},{"player_id":821,"team_id":30},{"player_id":729,"team_id":30},{"player_id":3026,"team_id":30},{"player_id":1008,"team_id":30},{"player_id":848,"team_id":30},{"player_id":707,"team_id":30},{"player_id":3058,"team_id":30}]}
