{"data":[{"player_id":22,"team_id":24},{"player_id":5279,"team_id":24},{"player_id":427,"team_id":24},{"player_id":57,"team_id":24},{"player_id":43,"team_id":24},{"player_id":116,"team_id":24},{"player_id":234,"team_id":24},{"player_id":111,"team_id":24},{"player_id":2205,"team_id":24},{"player_id":61,"team_id":24},{"player_id":355,"team_id":24},{"player_id":360,"team_id":24},{"player_id":13,"team_id":24},{"player_id":2020,"team_id":24},{"player_id":1938,"team_id":24},{"player_id":313,"team_id":24},{"player_id":82,"team_id":24},{"player_id":256,"team_id":24},{"player_id":217,"team_id":24},{"player_id":469,"team_id":24}]}
