{"data":[{"player_id":65,"team_id":17},{"player_id":486,"team_id":17},{"player_id":72,"team_id":17},{"player_id":51,"team_id":17},{"player_id":50191,"team_id":17},{"player_id":105,"team_id":17},{"player_id":131,"team_id":17},{"player_id":205,"team_id":17},{"player_id":225,"team_id":17},{"player_id":283,"team_id":17},{"player_id":295,"team_id":17},{"player_id":141,"team_id":17},{"player_id":327,"team_id":17},{"player_id":426,"team_id":17},{"player_id":315,"team_id":17},{"player_id":15,"team_id":17},{"player_id":484,"team_id":17},{"player_id":211,"team_id":17}]}
