{"data":[{"player_id":1697,"team_id":23},{"player_id":1711,"team_id":23},{"player_id":262,"team_id":23},{"player_id":958,"team_id":23},{"player_id":1698,"team_id":23},{"player_id":1474,"team_id":23},{"player_id":1222,"team_id":23},{"player_id":224,"team_id":23},{"player_id":481,"team_id":23},{"player_id":1084,"team_id":23},{"player_id":957,"team_id":23},{"player_id":1393,"team_id":23},{"player_id":1720,"team_id":23},{"player_id":1735,"team_id":23},{"player_id":1351,"team_id":23},{"player_id":1645,"team_id":23}]}
