{"data":[{"player_id":29,"team_id":7},{"player_id":1782,"team_id":7},{"player_id":421,"team_id":7},{"player_id":2043,"team_id":7},{"player_id":157,"team_id":7},{"player_id":158,"team_id":7},{"player_id":346,"team_id":7},{"player_id":257,"team_id":7},{"player_id":2201,"team_id":7},{"player_id":114,"team_id":7},{"player_id":2193,"team_id":7},{"player_id":301,"team_id":7},{"player_id":345,"team_id":7},{"player_id":379,"team_id":7},{"player_id":2232,"team_id":7},{"player_id":331,"team_id":7},{"player_id":2132,"team_id":7},{"player_id":195,"team_id":7},{"player_id":2211,"team_id":7},{"player_id":30,"team_id":7},{"player_id":312,"team_id":7},{"player_id":2073,"team_id":7},{"player_id":2218,"team_id":7}]}
