{"data":[{"player_id":1217,"team_id":30},{"player_id":1200,"team_id":30},{"player_id":828,"team_id":30},{"player_id":894,"team_id":30},{"player_id":1246,"team_id":30},{"player_id":1334,"team_id":30},{"player_id":922,"team_id":30},{"player_id":1245,"team_id":30},{"player_id":801,"team_id":30},{"player_id":3022,"team_id":30},{"player_id":604,"team_id":30},{"player_id":1272,"team_id":30},{"player_id":1170,"team_id":30},{"player_id":1333,"team_id":30},{"player_id":1180,"team_id":30},{"player_id":1165,"team_id":30}]}
