{"data":[{"player_id":385,"team_id":15},{"player_id":198,"team_id":15},{"player_id":1768,"team_id":15},{"player_id":2162,"team_id":15},{"player_id":412,"team_id":15},{"player_id":187,"team_id":15},{"player_id":150,"team_id":15},{"player_id":146,"team_id":15},{"player_id":1997,"team_id":15},{"player_id":2209,"team_id":15},{"player_id":104,"team_id":15},{"player_id":364,"team_id":15},{"player_id":2222,"team_id":15},{"player_id":67,"team_id":15},{"player_id":309,"team_id":15},{"player_id":2202,"team_id":15},{"player_id":1801,"team_id":15},{"player_id":66,"team_id":15},{"player_id":2230,"team_id":15},{"player_id":298,"team_id":15},{"player_id":2233,"team_id":15},{"player_id":169,"team_id":15}]}
