{"data":[{"player_id":367,"team_id":11},{"player_id":2235,"team_id":11},{"player_id":450,"team_id":11},{"player_id":232,"team_id":11},{"player_id":342,"team_id":11},{"player_id":2177,"team_id":11},{"player_id":2076,"team_id":11},{"player_id":178,"team_id":11},{"player_id":2180,"team_id":11},{"player_id":384,"team_id":11},{"player_id":1809,"team_id":11},{"player_id":192,"team_id":11},{"player_id":83,"team_id":11},{"player_id":186,"team_id":11},{"player_id":2104,"team_id":11},{"player_id":1364,"team_id":11},{"player_id":13,"team_id":11},{"player_id":302,"team_id":11},{"player_id":2139,"team_id":11},{"player_id":20,"team_id":11},{"player_id":2152,"team_id":11}]}
