{"data":[{"player_id":2012,"team_id":22},{"player_id":369,"team_id":22},{"player_id":341,"team_id":22},{"player_id":208,"team_id":22},{"player_id":423,"team_id":22},{"player_id":120,"team_id":22},{"player_id":177,"team_id":22},{"player_id":460,"team_id":22},{"player_id":160,"team_id":22},{"player_id":200,"team_id":22},{"player_id":164,"team_id":22},{"player_id":1788,"team_id":22},{"player_id":2075,"team_id":22},{"player_id":1860,"team_id":22},{"player_id":357,"team_id":22},{"player_id":2146,"team_id":22}]}
