{"data":[{"player_id":965,"team_id":27},{"player_id":184,"team_id":27},{"player_id":1089,"team_id":27},{"player_id":1550,"team_id":27},{"player_id":1897,"team_id":27},{"player_id":363,"team_id":27},{"player_id":1898,"team_id":27},{"player_id":1346,"team_id":27},{"player_id":1412,"team_id":27},{"player_id":1915,"team_id":27},{"player_id":1672,"team_id":27},{"player_id":1369,"team_id":27},{"player_id":1906,"team_id":27},{"player_id":1686,"team_id":27},{"player_id":1521,"team_id":27},{"player_id":1843,"team_id":27},{"player_id":211,"team_id":27}]}
