{"data":[{"player_id":1447,"team_id":13},{"player_id":388,"team_id":13},{"player_id":1778,"team_id":13},{"player_id":1016,"team_id":13},{"player_id":1810,"team_id":13},{"player_id":178,"team_id":13},{"player_id":1206,"team_id":13},{"player_id":250,"team_id":13},{"player_id":1237,"team_id":13},{"player_id":1155,"team_id":13},{"player_id":1340,"team_id":13},{"player_id":1682,"team_id":13},{"player_id":1659,"team_id":13},{"player_id":1499,"team_id":13},{"player_id":1767,"team_id":13},{"player_id":1686,"team_id":13},{"player_id":1684,"team_id":13},{"player_id":1184,"team_id":13}]}
