{"data":[{"player_id":1642,"team_id":2},{"player_id":1059,"team_id":2},{"player_id":1471,"team_id":2},{"player_id":1484,"team_id":2},{"player_id":1574,"team_id":2},{"player_id":1622,"team_id":2},{"player_id":1373,"team_id":2},{"player_id":735,"team_id":2},{"player_id":1880,"team_id":2},{"player_id":1903,"team_id":2},{"player_id":400,"team_id":2},{"player_id":971,"team_id":2},{"player_id":1036,"team_id":2},{"player_id":59,"team_id":2},{"player_id":1763,"team_id":2},{"player_id":1168,"team_id":2}]}
