{"data":[{"player_id":29,"team_id":18},{"player_id":1840,"team_id":18},{"player_id":113,"team_id":18},{"player_id":1882,"team_id":18},{"player_id":1530,"team_id":18},{"player_id":404,"team_id":18},{"player_id":2006,"team_id":18},{"player_id":1764,"team_id":18},{"player_id":2052,"team_id":18},{"player_id":1662,"team_id":18},{"player_id":302,"team_id":18},{"player_id":129,"team_id":18},{"player_id":2053,"team_id":18},{"player_id":1871,"team_id":18},{"player_id":1844,"team_id":18},{"player_id":285,"team_id":18}]}
