{"data":[{"player_id":1542,"team_id":1},{"player_id":1694,"team_id":1},{"player_id":1570,"team_id":1},{"player_id":1695,"team_id":1},{"player_id":1696,"team_id":1},{"player_id":361,"team_id":1},{"player_id":1543,"team_id":1},{"player_id":1734,"team_id":1},{"player_id":1187,"team_id":1},{"player_id":1631,"team_id":1},{"player_id":482,"team_id":1},{"player_id":1355,"team_id":1},{"player_id":1364,"team_id":1},{"player_id":1596,"team_id":1},{"player_id":1541,"team_id":1},{"player_id":1630,"team_id":1},{"player_id":1033,"team_id":1},{"player_id":1326,"team_id":1}]}
