{"data":[{"player_id":1690,"team_id":21},{"player_id":1710,"team_id":21},{"player_id":1149,"team_id":21},{"player_id":1046,"team_id":21},{"player_id":1342,"team_id":21},{"player_id":1726,"team_id":21},{"player_id":1536,"team_id":21},{"player_id":1691,"team_id":21},{"player_id":1538,"team_id":21},{"player_id":1719,"team_id":21},{"player_id":1462,"team_id":21},{"player_id":1036,"team_id":21},{"player_id":1500,"team_id":21},{"player_id":1614,"team_id":21},{"player_id":1414,"team_id":21},{"player_id":1422,"team_id":21},{"player_id":1092,"team_id":21}]}
