{"data":[{"player_id":1599,"team_id":2},{"player_id":1979,"team_id":2},{"player_id":188,"team_id":2},{"player_id":1858,"team_id":2},{"player_id":1242,"team_id":2},{"player_id":271,"team_id":2},{"player_id":1476,"team_id":2},{"player_id":1348,"team_id":2},{"player_id":2025,"team_id":2},{"player_id":400,"team_id":2},{"player_id":971,"team_id":2},{"player_id":1978,"team_id":2},{"player_id":59,"team_id":2},{"player_id":1422,"team_id":2},{"player_id":1168,"team_id":2},{"player_id":1495,"team_id":2},{"player_id":1645,"team_id":2},{"player_id":1836,"team_id":2}]}
