{"data":[{"player_id":1671,"team_id":5},{"player_id":1505,"team_id":5},{"player_id":1771,"team_id":5},{"player_id":124,"team_id":5},{"player_id":1770,"team_id":5},{"player_id":1562,"team_id":5},{"player_id":1790,"team_id":5},{"player_id":411,"team_id":5},{"player_id":1561,"team_id":5},{"player_id":1743,"team_id":5},{"player_id":957,"team_id":5},{"player_id":1020,"team_id":5},{"player_id":1586,"team_id":5},{"player_id":1780,"team_id":5},{"player_id":1229,"team_id":5},{"player_id":1564,"team_id":5}]}
