{"data":[{"player_id":155,"team_id":21},{"player_id":45947,"team_id":21},{"player_id":119,"team_id":21},{"player_id":365,"team_id":21},{"player_id":1,"team_id":21},{"player_id":128,"team_id":21},{"player_id":339,"team_id":21},{"player_id":345,"team_id":21},{"player_id":156,"team_id":21},{"player_id":3,"team_id":21},{"player_id":288,"team_id":21},{"player_id":182,"team_id":21},{"player_id":172,"team_id":21},{"player_id":78,"team_id":21},{"player_id":472,"team_id":21},{"player_id":2073,"team_id":21},{"player_id":409,"team_id":21}]}
