{"data":[{"player_id":77,"team_id":29},{"player_id":2119,"team_id":29},{"player_id":2113,"team_id":29},{"player_id":2114,"team_id":29},{"player_id":253,"team_id":29},{"player_id":226,"team_id":29},{"player_id":153,"team_id":29},{"player_id":218,"team_id":29},{"player_id":1890,"team_id":29},{"player_id":1900,"team_id":29},{"player_id":2024,"team_id":29},{"player_id":2120,"team_id":29},{"player_id":176,"team_id":29},{"player_id":76,"team_id":29},{"player_id":1686,"team_id":29},{"player_id":151,"team_id":29},{"player_id":99,"team_id":29},{"player_id":204,"team_id":29},{"player_id":2121,"team_id":29}]}
