{"data":[{"player_id":184,"team_id":27},{"player_id":274,"team_id":27},{"player_id":363,"team_id":27},{"player_id":6,"team_id":27},{"player_id":170,"team_id":27},{"player_id":319,"team_id":27},{"player_id":1412,"team_id":27},{"player_id":44,"team_id":27},{"player_id":2206,"team_id":27},{"player_id":473,"team_id":27},{"player_id":2198,"team_id":27},{"player_id":12,"team_id":27},{"player_id":334,"team_id":27},{"player_id":171,"team_id":27},{"player_id":2118,"team_id":27},{"player_id":2127,"team_id":27},{"player_id":159,"team_id":27}]}
