{"data":[{"player_id":932,"team_id":8},{"player_id":2983,"team_id":8},{"player_id":752,"team_id":8},{"player_id":2926,"team_id":8},{"player_id":702,"team_id":8},{"player_id":874,"team_id":8},{"player_id":806,"team_id":8},{"player_id":3019,"team_id":8},{"player_id":664,"team_id":8},{"player_id":668,"team_id":8},{"player_id":875,"team_id":8},{"player_id":805,"team_id":8},{"player_id":607,"team_id":8},{"player_id":3053,"team_id":8},{"player_id":3023,"team_id":8},{"player_id":660,"team_id":8},{"player_id":751,"team_id":8}]}
