{"data":[{"player_id":474,"team_id":16},{"player_id":463,"team_id":16},{"player_id":136,"team_id":16},{"player_id":144,"team_id":16},{"player_id":203,"team_id":16},{"player_id":397,"team_id":16},{"player_id":242,"team_id":16},{"player_id":307,"team_id":16},{"player_id":461,"team_id":16},{"player_id":485,"team_id":16},{"player_id":247,"team_id":16},{"player_id":244,"team_id":16},{"player_id":4,"team_id":16},{"player_id":391,"team_id":16},{"player_id":358,"team_id":16},{"player_id":300,"team_id":16}]}
