{"data":[{"player_id":1642,"team_id":13},{"player_id":1540,"team_id":13},{"player_id":830,"team_id":13},{"player_id":1362,"team_id":13},{"player_id":1733,"team_id":13},{"player_id":1612,"team_id":13},{"player_id":1116,"team_id":13},{"player_id":1100,"team_id":13},{"player_id":795,"team_id":13},{"player_id":1682,"team_id":13},{"player_id":855,"team_id":13},{"player_id":280,"team_id":13},{"player_id":1235,"team_id":13},{"player_id":1611,"team_id":13},{"player_id":1499,"team_id":13},{"player_id":1610,"team_id":13},{"player_id":1247,"team_id":13},{"player_id":1184,"team_id":13}]}
