{"data":[{"player_id":367,"team_id":13},{"player_id":1775,"team_id":13},{"player_id":389,"team_id":13},{"player_id":1514,"team_id":13},{"player_id":1800,"team_id":13},{"player_id":453,"team_id":13},{"player_id":1953,"team_id":13},{"player_id":250,"team_id":13},{"player_id":111,"team_id":13},{"player_id":1842,"team_id":13},{"player_id":1522,"team_id":13},{"player_id":1670,"team_id":13},{"player_id":1980,"team_id":13},{"player_id":1290,"team_id":13},{"player_id":2105,"team_id":13},{"player_id":393,"team_id":13},{"player_id":1763,"team_id":13},{"player_id":189,"team_id":13}]}
