{"data":[{"player_id":1598,"team_id":22},{"player_id":2012,"team_id":22},{"player_id":326,"team_id":22},{"player_id":1757,"team_id":22},{"player_id":193,"team_id":22},{"player_id":2066,"team_id":22},{"player_id":1695,"team_id":22},{"player_id":120,"team_id":22},{"player_id":2010,"team_id":22},{"player_id":460,"team_id":22},{"player_id":352,"team_id":22},{"player_id":200,"team_id":22},{"player_id":1533,"team_id":22},{"player_id":1628,"team_id":22},{"player_id":1763,"team_id":22},{"player_id":357,"team_id":22}]}
