{"data":[{"player_id":964,"team_id":23},{"player_id":1277,"team_id":23},{"player_id":843,"team_id":23},{"player_id":944,"team_id":23},{"player_id":816,"team_id":23},{"player_id":1037,"team_id":23},{"player_id":1084,"team_id":23},{"player_id":1225,"team_id":23},{"player_id":1154,"team_id":23},{"player_id":1339,"team_id":23},{"player_id":886,"team_id":23},{"player_id":780,"team_id":23},{"player_id":620,"team_id":23},{"player_id":1215,"team_id":23},{"player_id":660,"team_id":23},{"player_id":1214,"team_id":23}]}
