{"data":[{"player_id":1988,"team_id":11},{"player_id":2077,"team_id":11},{"player_id":1242,"team_id":11},{"player_id":1987,"team_id":11},{"player_id":1597,"team_id":11},{"player_id":1764,"team_id":11},{"player_id":2006,"team_id":11},{"player_id":220,"team_id":11},{"player_id":192,"team_id":11},{"player_id":83,"team_id":11},{"player_id":1814,"team_id":11},{"player_id":1541,"team_id":11},{"player_id":82,"team_id":11},{"player_id":20,"team_id":11},{"player_id":2094,"team_id":11},{"player_id":45,"team_id":11}]}
