{"data":[{"player_id":487,"team_id":28},{"player_id":2215,"team_id":28},{"player_id":455,"team_id":28},{"player_id":71,"team_id":28},{"player_id":316,"team_id":28},{"player_id":2085,"team_id":28},{"player_id":2221,"team_id":28},{"player_id":373,"team_id":28},{"player_id":380,"team_id":28},{"player_id":308,"team_id":28},{"player_id":125,"team_id":28},{"player_id":18,"team_id":28},{"player_id":286,"team_id":28},{"player_id":223,"team_id":28},{"player_id":416,"team_id":28},{"player_id":458,"team_id":28}]}
