{"data":[{"player_id":191,"team_id":20},{"player_id":1551,"team_id":20},{"player_id":415,"team_id":20},{"player_id":155,"team_id":20},{"player_id":94,"team_id":20},{"player_id":424,"team_id":20},{"player_id":17,"team_id":20},{"player_id":1896,"team_id":20},{"player_id":1700,"team_id":20},{"player_id":1433,"team_id":20},{"player_id":1931,"team_id":20},{"player_id":2058,"team_id":20},{"player_id":2063,"team_id":20},{"player_id":2008,"team_id":20},{"player_id":1249,"team_id":20},{"player_id":1281,"team_id":20},{"player_id":1708,"team_id":20}]}
