{"data":[{"player_id":113,"team_id":19},{"player_id":1895,"team_id":19},{"player_id":1559,"team_id":19},{"player_id":2192,"team_id":19},{"player_id":212,"team_id":19},{"player_id":326,"team_id":19},{"player_id":107,"team_id":19},{"player_id":214,"team_id":19},{"player_id":2115,"team_id":19},{"player_id":127,"team_id":19},{"player_id":1533,"team_id":19},{"player_id":400,"team_id":19},{"player_id":321,"team_id":19},{"player_id":1966,"team_id":19},{"player_id":2229,"team_id":19},{"player_id":233,"team_id":19},{"player_id":1892,"team_id":19},{"player_id":1541,"team_id":19},{"player_id":1552,"team_id":19},{"player_id":117,"team_id":19},{"player_id":99,"team_id":19},{"player_id":317,"team_id":19}]}
