{"data":[{"player_id":184,"team_id":27},{"player_id":274,"team_id":27},{"player_id":1089,"team_id":27},{"player_id":1550,"team_id":27},{"player_id":363,"team_id":27},{"player_id":319,"team_id":27},{"player_id":1412,"team_id":27},{"player_id":12,"team_id":27},{"player_id":1853,"team_id":27},{"player_id":35,"team_id":27},{"player_id":1479,"team_id":27},{"player_id":1865,"team_id":27},{"player_id":1906,"team_id":27},{"player_id":251,"team_id":27},{"player_id":40,"team_id":27},{"player_id":1870,"team_id":27}]}
