{"data":[{"player_id":2895,"team_id":3},{"player_id":677,"team_id":3},{"player_id":2939,"team_id":3},{"player_id":2894,"team_id":3},{"player_id":2963,"team_id":3},{"player_id":2903,"team_id":3},{"player_id":608,"team_id":3},{"player_id":3017,"team_id":3},{"player_id":678,"team_id":3},{"player_id":697,"team_id":3},{"player_id":3027,"team_id":3},{"player_id":639,"team_id":3},{"player_id":2904,"team_id":3},{"player_id":2943,"team_id":3},{"player_id":2893,"team_id":3},{"player_id":2861,"team_id":3},{"player_id":2947,"team_id":3}]}
