{"data":[{"player_id":1547,"team_id":21},{"player_id":463,"team_id":21},{"player_id":1513,"team_id":21},{"player_id":2107,"team_id":21},{"player_id":236,"team_id":21},{"player_id":1536,"team_id":21},{"player_id":3,"team_id":21},{"player_id":2111,"team_id":21},{"player_id":422,"team_id":21},{"player_id":1823,"team_id":21},{"player_id":140,"team_id":21},{"player_id":2005,"team_id":21},{"player_id":223,"team_id":21},{"player_id":472,"team_id":21},{"player_id":267,"team_id":21},{"player_id":394,"team_id":21}]}
