{"data":[{"player_id":486,"team_id":23},{"player_id":2033,"team_id":23},{"player_id":2080,"team_id":23},{"player_id":1999,"team_id":23},{"player_id":1781,"team_id":23},{"player_id":304,"team_id":23},{"player_id":108,"team_id":23},{"player_id":345,"team_id":23},{"player_id":429,"team_id":23},{"player_id":2004,"team_id":23},{"player_id":182,"team_id":23},{"player_id":422,"team_id":23},{"player_id":82,"team_id":23},{"player_id":2055,"team_id":23},{"player_id":217,"team_id":23},{"player_id":354,"team_id":23},{"player_id":1247,"team_id":23}]}
