{"data":[{"player_id":167,"team_id":20},{"player_id":1376,"team_id":20},{"player_id":1297,"team_id":20},{"player_id":95,"team_id":20},{"player_id":1641,"team_id":20},{"player_id":1116,"team_id":20},{"player_id":1770,"team_id":20},{"player_id":1163,"team_id":20},{"player_id":1622,"team_id":20},{"player_id":1172,"team_id":20},{"player_id":1418,"team_id":20},{"player_id":1654,"team_id":20},{"player_id":1837,"team_id":20},{"player_id":1749,"team_id":20},{"player_id":1564,"team_id":20},{"player_id":1834,"team_id":20},{"player_id":1049,"team_id":20}]}
