{"data":[{"player_id":1951,"team_id":23},{"player_id":348,"team_id":23},{"player_id":1908,"team_id":23},{"player_id":2021,"team_id":23},{"player_id":1775,"team_id":23},{"player_id":1897,"team_id":23},{"player_id":1368,"team_id":23},{"player_id":71,"team_id":23},{"player_id":2072,"team_id":23},{"player_id":451,"team_id":23},{"player_id":1959,"team_id":23},{"player_id":2004,"team_id":23},{"player_id":1372,"team_id":23},{"player_id":2003,"team_id":23},{"player_id":2054,"team_id":23},{"player_id":1957,"team_id":23},{"player_id":2023,"team_id":23},{"player_id":2055,"team_id":23},{"player_id":86,"team_id":23},{"player_id":489,"team_id":23}]}
