{"data":[{"player_id":2966,"team_id":23},{"player_id":737,"team_id":23},{"player_id":596,"team_id":23},{"player_id":897,"team_id":23},{"player_id":554,"team_id":23},{"player_id":546,"team_id":23},{"player_id":818,"team_id":23},{"player_id":556,"team_id":23},{"player_id":2932,"team_id":23},{"player_id":841,"team_id":23},{"player_id":716,"team_id":23},{"player_id":869,"team_id":23},{"player_id":898,"team_id":23},{"player_id":899,"team_id":23},{"player_id":930,"team_id":23},{"player_id":603,"team_id":23}]}
