{"data":[{"player_id":198,"team_id":6},{"player_id":77,"team_id":6},{"player_id":413,"team_id":6},{"player_id":258,"team_id":6},{"player_id":424,"team_id":6},{"player_id":2193,"team_id":6},{"player_id":100,"team_id":6},{"player_id":218,"team_id":6},{"player_id":123,"team_id":6},{"player_id":2202,"team_id":6},{"player_id":492,"team_id":6},{"player_id":164,"team_id":6},{"player_id":3090,"team_id":6},{"player_id":359,"team_id":6},{"player_id":2155,"team_id":6},{"player_id":350,"team_id":6},{"player_id":3450,"team_id":6},{"player_id":444,"team_id":6},{"player_id":285,"team_id":6},{"player_id":340,"team_id":6}]}
