{"data":[{"player_id":1374,"team_id":30},{"player_id":1737,"team_id":30},{"player_id":1625,"team_id":30},{"player_id":1643,"team_id":30},{"player_id":1488,"team_id":30},{"player_id":1466,"team_id":30},{"player_id":1664,"team_id":30},{"player_id":1496,"team_id":30},{"player_id":1248,"team_id":30},{"player_id":1198,"team_id":30},{"player_id":1272,"team_id":30},{"player_id":1370,"team_id":30},{"player_id":1086,"team_id":30},{"player_id":1298,"team_id":30},{"player_id":1391,"team_id":30},{"player_id":1439,"team_id":30}]}
