{"data":[{"player_id":287,"team_id":28},{"player_id":487,"team_id":28},{"player_id":184,"team_id":28},{"player_id":2158,"team_id":28},{"player_id":274,"team_id":28},{"player_id":325,"team_id":28},{"player_id":2215,"team_id":28},{"player_id":2106,"team_id":28},{"player_id":455,"team_id":28},{"player_id":71,"team_id":28},{"player_id":58,"team_id":28},{"player_id":316,"team_id":28},{"player_id":392,"team_id":28},{"player_id":380,"team_id":28},{"player_id":18,"team_id":28},{"player_id":286,"team_id":28},{"player_id":223,"team_id":28},{"player_id":311,"team_id":28},{"player_id":416,"team_id":28},{"player_id":458,"team_id":28}]}
