{"data":[{"player_id":415,"team_id":6},{"player_id":237,"team_id":6},{"player_id":228,"team_id":6},{"player_id":424,"team_id":6},{"player_id":1514,"team_id":6},{"player_id":1346,"team_id":6},{"player_id":1517,"team_id":6},{"player_id":197,"team_id":6},{"player_id":332,"team_id":6},{"player_id":123,"team_id":6},{"player_id":1486,"team_id":6},{"player_id":2129,"team_id":6},{"player_id":1980,"team_id":6},{"player_id":1557,"team_id":6},{"player_id":310,"team_id":6},{"player_id":444,"team_id":6},{"player_id":285,"team_id":6}]}
