{"data":[{"player_id":2030,"team_id":14},{"player_id":1497,"team_id":14},{"player_id":1899,"team_id":14},{"player_id":1728,"team_id":14},{"player_id":1893,"team_id":14},{"player_id":170,"team_id":14},{"player_id":1999,"team_id":14},{"player_id":1982,"team_id":14},{"player_id":245,"team_id":14},{"player_id":1670,"team_id":14},{"player_id":2035,"team_id":14},{"player_id":1499,"team_id":14},{"player_id":1746,"team_id":14},{"player_id":1043,"team_id":14},{"player_id":311,"team_id":14},{"player_id":1039,"team_id":14},{"player_id":1851,"team_id":14}]}
