{"data":[{"player_id":348,"team_id":18},{"player_id":34,"team_id":18},{"player_id":50966,"team_id":18},{"player_id":32,"team_id":18},{"player_id":124,"team_id":18},{"player_id":407,"team_id":18},{"player_id":447,"team_id":18},{"player_id":446,"team_id":18},{"player_id":356,"team_id":18},{"player_id":108,"team_id":18},{"player_id":249,"team_id":18},{"player_id":435,"team_id":18},{"player_id":478,"team_id":18},{"player_id":475,"team_id":18},{"player_id":173,"team_id":18},{"player_id":129,"team_id":18},{"player_id":438,"team_id":18},{"player_id":401,"team_id":18}]}
