{"data":[{"player_id":3091,"team_id":8},{"player_id":330,"team_id":8},{"player_id":196,"team_id":8},{"player_id":110,"team_id":8},{"player_id":31,"team_id":8},{"player_id":246,"team_id":8},{"player_id":5,"team_id":8},{"player_id":318,"team_id":8},{"player_id":471,"team_id":8},{"player_id":440,"team_id":8},{"player_id":206,"team_id":8},{"player_id":290,"team_id":8},{"player_id":371,"team_id":8},{"player_id":289,"team_id":8},{"player_id":335,"team_id":8},{"player_id":38,"team_id":8},{"player_id":1746,"team_id":8},{"player_id":457,"team_id":8}]}
