{"data":[{"player_id":65,"team_id":17},{"player_id":1242,"team_id":17},{"player_id":72,"team_id":17},{"player_id":51,"team_id":17},{"player_id":2131,"team_id":17},{"player_id":2124,"team_id":17},{"player_id":123,"team_id":17},{"player_id":2154,"team_id":17},{"player_id":205,"team_id":17},{"player_id":362,"team_id":17},{"player_id":295,"team_id":17},{"player_id":2179,"team_id":17},{"player_id":426,"team_id":17},{"player_id":315,"team_id":17},{"player_id":15,"team_id":17},{"player_id":1860,"team_id":17},{"player_id":484,"team_id":17},{"player_id":2159,"team_id":17},{"player_id":2015,"team_id":17}]}
