{"data":[{"player_id":1677,"team_id":30},{"player_id":1374,"team_id":30},{"player_id":1299,"team_id":30},{"player_id":1592,"team_id":30},{"player_id":1762,"team_id":30},{"player_id":1643,"team_id":30},{"player_id":306,"team_id":30},{"player_id":1682,"team_id":30},{"player_id":1747,"team_id":30},{"player_id":280,"team_id":30},{"player_id":1198,"team_id":30},{"player_id":1872,"team_id":30},{"player_id":1197,"team_id":30},{"player_id":1298,"team_id":30},{"player_id":1746,"team_id":30},{"player_id":1391,"team_id":30},{"player_id":1439,"team_id":30},{"player_id":1394,"team_id":30}]}
