{"data":[{"player_id":188,"team_id":15},{"player_id":1768,"team_id":15},{"player_id":1908,"team_id":15},{"player_id":388,"team_id":15},{"player_id":187,"team_id":15},{"player_id":271,"team_id":15},{"player_id":146,"team_id":15},{"player_id":88,"team_id":15},{"player_id":2086,"team_id":15},{"player_id":104,"team_id":15},{"player_id":2154,"team_id":15},{"player_id":1522,"team_id":15},{"player_id":1801,"team_id":15},{"player_id":1670,"team_id":15},{"player_id":2096,"team_id":15},{"player_id":298,"team_id":15},{"player_id":1552,"team_id":15},{"player_id":1732,"team_id":15},{"player_id":169,"team_id":15}]}
