{"data":[{"player_id":241,"team_id":23},{"player_id":414,"team_id":23},{"player_id":3092,"team_id":23},{"player_id":417,"team_id":23},{"player_id":232,"team_id":23},{"player_id":145,"team_id":23},{"player_id":95,"team_id":23},{"player_id":320,"team_id":23},{"player_id":389,"team_id":23},{"player_id":79,"team_id":23},{"player_id":304,"team_id":23},{"player_id":337,"team_id":23},{"player_id":55,"team_id":23},{"player_id":260,"team_id":23},{"player_id":165,"team_id":23},{"player_id":425,"team_id":23},{"player_id":366,"team_id":23}]}
