{"data":[{"player_id":574,"team_id":7},{"player_id":714,"team_id":7},{"player_id":718,"team_id":7},{"player_id":537,"team_id":7},{"player_id":654,"team_id":7},{"player_id":715,"team_id":7},{"player_id":622,"team_id":7},{"player_id":652,"team_id":7},{"player_id":759,"team_id":7},{"player_id":3047,"team_id":7},{"player_id":685,"team_id":7},{"player_id":793,"team_id":7},{"player_id":3000,"team_id":7},{"player_id":721,"team_id":7},{"player_id":788,"team_id":7},{"player_id":3058,"team_id":7},{"player_id":786,"team_id":7},{"player_id":758,"team_id":7}]}
