{"data":[{"player_id":112,"team_id":2},{"player_id":1983,"team_id":2},{"player_id":241,"team_id":2},{"player_id":2153,"team_id":2},{"player_id":420,"team_id":2},{"player_id":2137,"team_id":2},{"player_id":2084,"team_id":2},{"player_id":239,"team_id":2},{"player_id":1641,"team_id":2},{"player_id":403,"team_id":2},{"player_id":451,"team_id":2},{"player_id":440,"team_id":2},{"player_id":2155,"team_id":2},{"player_id":1978,"team_id":2},{"player_id":2139,"team_id":2},{"player_id":59,"team_id":2},{"player_id":358,"team_id":2}]}
