{"data":[{"player_id":2895,"team_id":23},{"player_id":551,"team_id":23},{"player_id":650,"team_id":23},{"player_id":737,"team_id":23},{"player_id":554,"team_id":23},{"player_id":2985,"team_id":23},{"player_id":946,"team_id":23},{"player_id":928,"team_id":23},{"player_id":3019,"team_id":23},{"player_id":2932,"team_id":23},{"player_id":785,"team_id":23},{"player_id":520,"team_id":23},{"player_id":914,"team_id":23},{"player_id":898,"team_id":23},{"player_id":899,"team_id":23},{"player_id":832,"team_id":23},{"player_id":2886,"team_id":23},{"player_id":2988,"team_id":23},{"player_id":569,"team_id":23},{"player_id":3012,"team_id":23}]}
