{"data":[{"player_id":602,"team_id":7},{"player_id":828,"team_id":7},{"player_id":825,"team_id":7},{"player_id":2884,"team_id":7},{"player_id":762,"team_id":7},{"player_id":826,"team_id":7},{"player_id":622,"team_id":7},{"player_id":827,"team_id":7},{"player_id":652,"team_id":7},{"player_id":3047,"team_id":7},{"player_id":685,"team_id":7},{"player_id":793,"team_id":7},{"player_id":3000,"team_id":7},{"player_id":522,"team_id":7},{"player_id":2861,"team_id":7},{"player_id":3058,"team_id":7},{"player_id":758,"team_id":7}]}
