{"data":[{"player_id":155,"team_id":4},{"player_id":1343,"team_id":4},{"player_id":1559,"team_id":4},{"player_id":1108,"team_id":4},{"player_id":1051,"team_id":4},{"player_id":1504,"team_id":4},{"player_id":1693,"team_id":4},{"player_id":1647,"team_id":4},{"player_id":1045,"team_id":4},{"player_id":1345,"team_id":4},{"player_id":1317,"team_id":4},{"player_id":1615,"team_id":4},{"player_id":1109,"team_id":4},{"player_id":1459,"team_id":4},{"player_id":1732,"team_id":4},{"player_id":1692,"team_id":4}]}
