{"data":[{"player_id":1529,"team_id":17},{"player_id":1607,"team_id":17},{"player_id":946,"team_id":17},{"player_id":1287,"team_id":17},{"player_id":978,"team_id":17},{"player_id":1436,"team_id":17},{"player_id":1815,"team_id":17},{"player_id":225,"team_id":17},{"player_id":1354,"team_id":17},{"player_id":1345,"team_id":17},{"player_id":1593,"team_id":17},{"player_id":302,"team_id":17},{"player_id":1500,"team_id":17},{"player_id":311,"team_id":17},{"player_id":1860,"team_id":17},{"player_id":1494,"team_id":17}]}
