{"data":[{"player_id":2214,"team_id":3},{"player_id":277,"team_id":3},{"player_id":1983,"team_id":3},{"player_id":130,"team_id":3},{"player_id":84,"team_id":3},{"player_id":2207,"team_id":3},{"player_id":9,"team_id":3},{"player_id":279,"team_id":3},{"player_id":2219,"team_id":3},{"player_id":405,"team_id":3},{"player_id":197,"team_id":3},{"player_id":332,"team_id":3},{"player_id":2224,"team_id":3},{"player_id":429,"team_id":3},{"player_id":2160,"team_id":3},{"player_id":2020,"team_id":3},{"player_id":216,"team_id":3},{"player_id":109,"team_id":3},{"player_id":354,"team_id":3}]}
