{"data":[{"player_id":876,"team_id":18},{"player_id":2887,"team_id":18},{"player_id":796,"team_id":18},{"player_id":694,"team_id":18},{"player_id":509,"team_id":18},{"player_id":929,"team_id":18},{"player_id":521,"team_id":18},{"player_id":870,"team_id":18},{"player_id":2934,"team_id":18},{"player_id":740,"team_id":18},{"player_id":2913,"team_id":18},{"player_id":877,"team_id":18},{"player_id":878,"team_id":18},{"player_id":569,"team_id":18},{"player_id":837,"team_id":18},{"player_id":758,"team_id":18},{"player_id":739,"team_id":18}]}
