{"data":[{"player_id":2929,"team_id":22},{"player_id":1299,"team_id":22},{"player_id":933,"team_id":22},{"player_id":2898,"team_id":22},{"player_id":977,"team_id":22},{"player_id":2850,"team_id":22},{"player_id":1087,"team_id":22},{"player_id":2964,"team_id":22},{"player_id":995,"team_id":22},{"player_id":879,"team_id":22},{"player_id":1113,"team_id":22},{"player_id":910,"team_id":22},{"player_id":716,"team_id":22},{"player_id":1396,"team_id":22},{"player_id":1176,"team_id":22},{"player_id":1351,"team_id":22}]}
