{"data":[{"player_id":1921,"team_id":16},{"player_id":237,"team_id":16},{"player_id":1482,"team_id":16},{"player_id":203,"team_id":16},{"player_id":1312,"team_id":16},{"player_id":1299,"team_id":16},{"player_id":1274,"team_id":16},{"player_id":1012,"team_id":16},{"player_id":946,"team_id":16},{"player_id":1774,"team_id":16},{"player_id":461,"team_id":16},{"player_id":1517,"team_id":16},{"player_id":1107,"team_id":16},{"player_id":922,"team_id":16},{"player_id":1801,"team_id":16},{"player_id":1349,"team_id":16}]}
