{"data":[{"player_id":241,"team_id":23},{"player_id":34,"team_id":23},{"player_id":2116,"team_id":23},{"player_id":417,"team_id":23},{"player_id":2212,"team_id":23},{"player_id":145,"team_id":23},{"player_id":407,"team_id":23},{"player_id":389,"team_id":23},{"player_id":2084,"team_id":23},{"player_id":304,"team_id":23},{"player_id":108,"team_id":23},{"player_id":1900,"team_id":23},{"player_id":288,"team_id":23},{"player_id":11,"team_id":23},{"player_id":260,"team_id":23},{"player_id":165,"team_id":23},{"player_id":217,"team_id":23}]}
