{"data":[{"player_id":1806,"team_id":10},{"player_id":1157,"team_id":10},{"player_id":1730,"team_id":10},{"player_id":1219,"team_id":10},{"player_id":1548,"team_id":10},{"player_id":446,"team_id":10},{"player_id":115,"team_id":10},{"player_id":1662,"team_id":10},{"player_id":1355,"team_id":10},{"player_id":1341,"team_id":10},{"player_id":1339,"team_id":10},{"player_id":1235,"team_id":10},{"player_id":1635,"team_id":10},{"player_id":1837,"team_id":10},{"player_id":1823,"team_id":10},{"player_id":1788,"team_id":10},{"player_id":1830,"team_id":10},{"player_id":1870,"team_id":10}]}
