{"data":[{"player_id":926,"team_id":28},{"player_id":1256,"team_id":28},{"player_id":1330,"team_id":28},{"player_id":88,"team_id":28},{"player_id":1100,"team_id":28},{"player_id":833,"team_id":28},{"player_id":1013,"team_id":28},{"player_id":540,"team_id":28},{"player_id":1120,"team_id":28},{"player_id":1303,"team_id":28},{"player_id":1350,"team_id":28},{"player_id":1194,"team_id":28},{"player_id":765,"team_id":28},{"player_id":2948,"team_id":28},{"player_id":1349,"team_id":28},{"player_id":887,"team_id":28}]}
