{"data":[{"player_id":1983,"team_id":1},{"player_id":2162,"team_id":1},{"player_id":190,"team_id":1},{"team_id":1},{"player_id":221,"team_id":1},{"player_id":279,"team_id":1},{"player_id":88,"team_id":1},{"player_id":120,"team_id":1},{"player_id":490,"team_id":1},{"player_id":383,"team_id":1},{"player_id":381,"team_id":1},{"player_id":50793,"team_id":1},{"player_id":101,"team_id":1},{"player_id":11,"team_id":1},{"player_id":2,"team_id":1},{"player_id":428,"team_id":1},{"player_id":36,"team_id":1},{"player_id":372,"team_id":1},{"player_id":133,"team_id":1},{"player_id":42,"team_id":1},{"player_id":50815,"team_id":1},{"player_id":273,"team_id":1}]}
