{"data":[{"player_id":2989,"team_id":24},{"player_id":502,"team_id":24},{"player_id":555,"team_id":24},{"player_id":516,"team_id":24},{"player_id":768,"team_id":24},{"player_id":789,"team_id":24},{"player_id":861,"team_id":24},{"player_id":538,"team_id":24},{"player_id":2855,"team_id":24},{"player_id":501,"team_id":24},{"player_id":871,"team_id":24},{"player_id":761,"team_id":24},{"player_id":2960,"team_id":24},{"player_id":745,"team_id":24},{"player_id":2937,"team_id":24},{"player_id":647,"team_id":24}]}
