{"data":[{"player_id":415,"team_id":6},{"player_id":112,"team_id":6},{"player_id":237,"team_id":6},{"player_id":188,"team_id":6},{"player_id":262,"team_id":6},{"player_id":1513,"team_id":6},{"player_id":424,"team_id":6},{"player_id":461,"team_id":6},{"player_id":440,"team_id":6},{"player_id":492,"team_id":6},{"player_id":80,"team_id":6},{"player_id":164,"team_id":6},{"player_id":359,"team_id":6},{"player_id":2155,"team_id":6},{"player_id":444,"team_id":6},{"player_id":285,"team_id":6},{"player_id":2213,"team_id":6},{"player_id":340,"team_id":6}]}
