{"data":[{"player_id":1840,"team_id":18},{"player_id":1882,"team_id":18},{"player_id":395,"team_id":18},{"player_id":1530,"team_id":18},{"player_id":116,"team_id":18},{"player_id":268,"team_id":18},{"player_id":71,"team_id":18},{"player_id":404,"team_id":18},{"player_id":2124,"team_id":18},{"player_id":1486,"team_id":18},{"player_id":2052,"team_id":18},{"player_id":1662,"team_id":18},{"player_id":2102,"team_id":18},{"player_id":2045,"team_id":18},{"player_id":1889,"team_id":18},{"player_id":475,"team_id":18},{"player_id":129,"team_id":18},{"player_id":2053,"team_id":18},{"player_id":2042,"team_id":18},{"player_id":2048,"team_id":18},{"player_id":489,"team_id":18}]}
