{"data":[{"player_id":2158,"team_id":10},{"player_id":443,"team_id":10},{"player_id":58,"team_id":10},{"player_id":41,"team_id":10},{"player_id":248,"team_id":10},{"player_id":115,"team_id":10},{"player_id":185,"team_id":10},{"player_id":361,"team_id":10},{"player_id":106,"team_id":10},{"player_id":306,"team_id":10},{"player_id":224,"team_id":10},{"player_id":280,"team_id":10},{"player_id":1481,"team_id":10},{"player_id":140,"team_id":10},{"player_id":1746,"team_id":10},{"player_id":90,"team_id":10},{"player_id":282,"team_id":10}]}
