{"data":[{"player_id":77,"team_id":29},{"player_id":343,"team_id":29},{"player_id":2130,"team_id":29},{"player_id":2043,"team_id":29},{"player_id":2101,"team_id":29},{"player_id":2114,"team_id":29},{"player_id":226,"team_id":29},{"player_id":153,"team_id":29},{"player_id":218,"team_id":29},{"player_id":1900,"team_id":29},{"player_id":2024,"team_id":29},{"player_id":290,"team_id":29},{"player_id":2145,"team_id":29},{"player_id":176,"team_id":29},{"player_id":76,"team_id":29},{"player_id":204,"team_id":29}]}
