{"data":[{"player_id":1840,"team_id":11},{"player_id":1733,"team_id":11},{"player_id":1530,"team_id":11},{"player_id":1777,"team_id":11},{"player_id":1675,"team_id":11},{"player_id":1516,"team_id":11},{"player_id":1739,"team_id":11},{"player_id":1781,"team_id":11},{"player_id":1685,"team_id":11},{"player_id":1378,"team_id":11},{"player_id":1814,"team_id":11},{"player_id":1661,"team_id":11},{"player_id":286,"team_id":11},{"player_id":1841,"team_id":11},{"player_id":20,"team_id":11},{"player_id":1792,"team_id":11},{"player_id":1839,"team_id":11}]}
