{"data":[{"player_id":1447,"team_id":28},{"player_id":1213,"team_id":28},{"player_id":1722,"team_id":28},{"player_id":450,"team_id":28},{"player_id":1482,"team_id":28},{"player_id":1535,"team_id":28},{"player_id":1700,"team_id":28},{"player_id":929,"team_id":28},{"player_id":1566,"team_id":28},{"player_id":1556,"team_id":28},{"player_id":1468,"team_id":28},{"player_id":80,"team_id":28},{"player_id":1303,"team_id":28},{"player_id":1699,"team_id":28},{"player_id":1626,"team_id":28},{"player_id":1139,"team_id":28}]}
