{"data":[{"player_id":2116,"team_id":10},{"player_id":443,"team_id":10},{"player_id":215,"team_id":10},{"player_id":1476,"team_id":10},{"player_id":2037,"team_id":10},{"player_id":1641,"team_id":10},{"player_id":115,"team_id":10},{"player_id":185,"team_id":10},{"player_id":2036,"team_id":10},{"player_id":224,"team_id":10},{"player_id":1998,"team_id":10},{"player_id":1803,"team_id":10},{"player_id":280,"team_id":10},{"player_id":1818,"team_id":10},{"player_id":1593,"team_id":10},{"player_id":30,"team_id":10}]}
