{"data":[{"player_id":155,"team_id":21},{"player_id":190,"team_id":21},{"player_id":1991,"team_id":21},{"player_id":365,"team_id":21},{"player_id":17,"team_id":21},{"player_id":1,"team_id":21},{"player_id":1536,"team_id":21},{"player_id":2199,"team_id":21},{"player_id":156,"team_id":21},{"player_id":3,"team_id":21},{"player_id":2142,"team_id":21},{"player_id":182,"team_id":21},{"player_id":172,"team_id":21},{"player_id":135,"team_id":21},{"player_id":472,"team_id":21},{"player_id":394,"team_id":21}]}
