{"data":[{"player_id":112,"team_id":7},{"player_id":1768,"team_id":7},{"player_id":1376,"team_id":7},{"player_id":1811,"team_id":7},{"player_id":1514,"team_id":7},{"player_id":1800,"team_id":7},{"player_id":346,"team_id":7},{"player_id":103,"team_id":7},{"player_id":1888,"team_id":7},{"player_id":88,"team_id":7},{"player_id":1838,"team_id":7},{"player_id":1373,"team_id":7},{"player_id":2029,"team_id":7},{"player_id":1980,"team_id":7},{"player_id":1971,"team_id":7},{"player_id":1499,"team_id":7},{"player_id":1226,"team_id":7},{"player_id":1981,"team_id":7},{"player_id":2028,"team_id":7},{"player_id":1247,"team_id":7},{"player_id":1394,"team_id":7}]}
