{"data":[{"player_id":2014,"team_id":3},{"player_id":1242,"team_id":3},{"player_id":1997,"team_id":3},{"player_id":1647,"team_id":3},{"player_id":1643,"team_id":3},{"player_id":1435,"team_id":3},{"player_id":2070,"team_id":3},{"player_id":1348,"team_id":3},{"player_id":283,"team_id":3},{"player_id":280,"team_id":3},{"player_id":371,"team_id":3},{"player_id":1364,"team_id":3},{"player_id":971,"team_id":3},{"player_id":1601,"team_id":3},{"player_id":1352,"team_id":3},{"player_id":1168,"team_id":3},{"player_id":2015,"team_id":3}]}
