{"data":[{"player_id":1529,"team_id":11},{"player_id":1988,"team_id":11},{"player_id":1895,"team_id":11},{"player_id":1964,"team_id":11},{"player_id":1850,"team_id":11},{"player_id":2016,"team_id":11},{"player_id":2026,"team_id":11},{"player_id":1897,"team_id":11},{"player_id":365,"team_id":11},{"player_id":279,"team_id":11},{"player_id":1987,"team_id":11},{"player_id":1896,"team_id":11},{"player_id":328,"team_id":11},{"player_id":364,"team_id":11},{"player_id":192,"team_id":11},{"player_id":1989,"team_id":11},{"player_id":45,"team_id":11}]}
