{"data":[{"player_id":2857,"team_id":22},{"player_id":2929,"team_id":22},{"player_id":933,"team_id":22},{"player_id":3029,"team_id":22},{"player_id":735,"team_id":22},{"player_id":512,"team_id":22},{"player_id":906,"team_id":22},{"player_id":3052,"team_id":22},{"player_id":506,"team_id":22},{"player_id":984,"team_id":22},{"player_id":708,"team_id":22},{"player_id":709,"team_id":22},{"player_id":799,"team_id":22},{"player_id":873,"team_id":22},{"player_id":625,"team_id":22},{"player_id":531,"team_id":22}]}
