{"data":[{"player_id":1677,"team_id":8},{"player_id":167,"team_id":8},{"player_id":196,"team_id":8},{"player_id":1757,"team_id":8},{"player_id":95,"team_id":8},{"player_id":2101,"team_id":8},{"player_id":1849,"team_id":8},{"player_id":349,"team_id":8},{"player_id":1622,"team_id":8},{"player_id":306,"team_id":8},{"player_id":1812,"team_id":8},{"player_id":2047,"team_id":8},{"player_id":1533,"team_id":8},{"player_id":2118,"team_id":8},{"player_id":1872,"team_id":8},{"player_id":1796,"team_id":8},{"player_id":152,"team_id":8}]}
