{"data":[{"player_id":277,"team_id":3},{"player_id":130,"team_id":3},{"player_id":264,"team_id":3},{"player_id":84,"team_id":3},{"player_id":181,"team_id":3},{"player_id":370,"team_id":3},{"player_id":9,"team_id":3},{"player_id":341,"team_id":3},{"player_id":405,"team_id":3},{"player_id":138,"team_id":3},{"player_id":197,"team_id":3},{"player_id":5117,"team_id":3},{"player_id":477,"team_id":3},{"player_id":118,"team_id":3},{"player_id":666758,"team_id":3},{"player_id":216,"team_id":3},{"player_id":109,"team_id":3},{"player_id":336,"team_id":3},{"player_id":152,"team_id":3}]}
