{"data":[{"player_id":1202,"team_id":11},{"player_id":1445,"team_id":11},{"player_id":1269,"team_id":11},{"player_id":1777,"team_id":11},{"player_id":1739,"team_id":11},{"player_id":1629,"team_id":11},{"player_id":1781,"team_id":11},{"player_id":1534,"team_id":11},{"player_id":1232,"team_id":11},{"player_id":1087,"team_id":11},{"player_id":1357,"team_id":11},{"player_id":1378,"team_id":11},{"player_id":1661,"team_id":11},{"player_id":1686,"team_id":11},{"player_id":1792,"team_id":11},{"player_id":660,"team_id":11},{"player_id":1394,"team_id":11}]}
