{"data":[{"player_id":237,"team_id":16},{"player_id":1482,"team_id":16},{"player_id":203,"team_id":16},{"player_id":1299,"team_id":16},{"player_id":1149,"team_id":16},{"player_id":1774,"team_id":16},{"player_id":461,"team_id":16},{"player_id":1517,"team_id":16},{"player_id":1926,"team_id":16},{"player_id":922,"team_id":16},{"player_id":1378,"team_id":16},{"player_id":1801,"team_id":16},{"player_id":1933,"team_id":16},{"player_id":1036,"team_id":16},{"player_id":2023,"team_id":16},{"player_id":1389,"team_id":16}]}
