{"data":[{"player_id":1224,"team_id":16},{"player_id":2989,"team_id":16},{"player_id":730,"team_id":16},{"player_id":3051,"team_id":16},{"player_id":555,"team_id":16},{"player_id":516,"team_id":16},{"player_id":1312,"team_id":16},{"player_id":1155,"team_id":16},{"player_id":3057,"team_id":16},{"player_id":576,"team_id":16},{"player_id":1034,"team_id":16},{"player_id":1081,"team_id":16},{"player_id":892,"team_id":16},{"player_id":2917,"team_id":16},{"player_id":1311,"team_id":16},{"player_id":881,"team_id":16},{"player_id":771,"team_id":16}]}
