{"data":[{"player_id":1840,"team_id":11},{"player_id":1445,"team_id":11},{"player_id":1530,"team_id":11},{"player_id":1858,"team_id":11},{"player_id":1777,"team_id":11},{"player_id":365,"team_id":11},{"player_id":271,"team_id":11},{"player_id":1739,"team_id":11},{"player_id":1378,"team_id":11},{"player_id":1418,"team_id":11},{"player_id":422,"team_id":11},{"player_id":1661,"team_id":11},{"player_id":1156,"team_id":11},{"player_id":286,"team_id":11},{"player_id":1922,"team_id":11},{"player_id":1792,"team_id":11},{"player_id":1851,"team_id":11}]}
