{"data":[{"player_id":1089,"team_id":27},{"player_id":1550,"team_id":27},{"player_id":1592,"team_id":27},{"player_id":363,"team_id":27},{"player_id":1786,"team_id":27},{"player_id":738,"team_id":27},{"player_id":978,"team_id":27},{"player_id":1112,"team_id":27},{"player_id":1412,"team_id":27},{"player_id":294,"team_id":27},{"player_id":940,"team_id":27},{"player_id":942,"team_id":27},{"player_id":1081,"team_id":27},{"player_id":960,"team_id":27},{"player_id":1276,"team_id":27},{"player_id":1742,"team_id":27},{"player_id":1521,"team_id":27},{"player_id":1494,"team_id":27}]}
