{"data":[{"player_id":1782,"team_id":4},{"player_id":2059,"team_id":4},{"player_id":1553,"team_id":4},{"player_id":255,"team_id":4},{"player_id":1800,"team_id":4},{"player_id":446,"team_id":4},{"player_id":1845,"team_id":4},{"player_id":1562,"team_id":4},{"player_id":48,"team_id":4},{"player_id":491,"team_id":4},{"player_id":1889,"team_id":4},{"player_id":2011,"team_id":4},{"player_id":465,"team_id":4},{"player_id":1791,"team_id":4},{"player_id":1413,"team_id":4},{"player_id":1836,"team_id":4}]}
