{"data":[{"player_id":1283,"team_id":21},{"player_id":1149,"team_id":21},{"player_id":2968,"team_id":21},{"player_id":1046,"team_id":21},{"player_id":1342,"team_id":21},{"player_id":1163,"team_id":21},{"player_id":1388,"team_id":21},{"player_id":1404,"team_id":21},{"player_id":1332,"team_id":21},{"player_id":940,"team_id":21},{"player_id":1327,"team_id":21},{"player_id":1341,"team_id":21},{"player_id":810,"team_id":21},{"player_id":1272,"team_id":21},{"player_id":1173,"team_id":21},{"player_id":811,"team_id":21}]}
