{"data":[{"player_id":2854,"team_id":2},{"player_id":570,"team_id":2},{"player_id":2852,"team_id":2},{"player_id":2853,"team_id":2},{"player_id":2850,"team_id":2},{"player_id":2855,"team_id":2},{"player_id":762,"team_id":2},{"player_id":2856,"team_id":2},{"player_id":591,"team_id":2},{"player_id":518,"team_id":2},{"player_id":670,"team_id":2},{"player_id":2974,"team_id":2},{"player_id":781,"team_id":2},{"player_id":3033,"team_id":2},{"player_id":669,"team_id":2},{"player_id":2859,"team_id":2}]}
