{"data":[{"player_id":367,"team_id":11},{"player_id":2175,"team_id":11},{"player_id":50661,"team_id":11},{"player_id":450,"team_id":11},{"player_id":98,"team_id":11},{"player_id":201,"team_id":11},{"player_id":342,"team_id":11},{"player_id":178,"team_id":11},{"player_id":146,"team_id":11},{"player_id":1987,"team_id":11},{"player_id":17,"team_id":11},{"player_id":384,"team_id":11},{"player_id":50729,"team_id":11},{"player_id":142,"team_id":11},{"player_id":192,"team_id":11},{"player_id":83,"team_id":11},{"player_id":186,"team_id":11},{"player_id":393,"team_id":11},{"player_id":97,"team_id":11},{"player_id":86,"team_id":11}]}
