{"data":[{"player_id":1224,"team_id":8},{"player_id":1642,"team_id":8},{"player_id":1711,"team_id":8},{"player_id":1016,"team_id":8},{"player_id":342,"team_id":8},{"player_id":424,"team_id":8},{"player_id":1150,"team_id":8},{"player_id":1236,"team_id":8},{"player_id":17,"team_id":8},{"player_id":1609,"team_id":8},{"player_id":1037,"team_id":8},{"player_id":1462,"team_id":8},{"player_id":1351,"team_id":8},{"player_id":1281,"team_id":8},{"player_id":1288,"team_id":8},{"player_id":1704,"team_id":8}]}
