{"data":[{"player_id":2030,"team_id":14},{"player_id":1598,"team_id":14},{"player_id":144,"team_id":14},{"player_id":1893,"team_id":14},{"player_id":2076,"team_id":14},{"player_id":279,"team_id":14},{"player_id":100,"team_id":14},{"player_id":1410,"team_id":14},{"player_id":1982,"team_id":14},{"player_id":245,"team_id":14},{"player_id":118,"team_id":14},{"player_id":2034,"team_id":14},{"player_id":1746,"team_id":14},{"player_id":1043,"team_id":14},{"player_id":2065,"team_id":14},{"player_id":387,"team_id":14},{"player_id":2123,"team_id":14},{"player_id":1851,"team_id":14}]}
