{"data":[{"player_id":1190,"team_id":5},{"player_id":975,"team_id":5},{"player_id":1322,"team_id":5},{"player_id":111,"team_id":5},{"player_id":1096,"team_id":5},{"player_id":1291,"team_id":5},{"player_id":1248,"team_id":5},{"player_id":1335,"team_id":5},{"player_id":1292,"team_id":5},{"player_id":1182,"team_id":5},{"player_id":1317,"team_id":5},{"player_id":1156,"team_id":5},{"player_id":1249,"team_id":5},{"player_id":1293,"team_id":5},{"player_id":1247,"team_id":5},{"player_id":1294,"team_id":5}]}
