{"data":[{"player_id":474,"team_id":16},{"player_id":1551,"team_id":16},{"player_id":1782,"team_id":16},{"player_id":136,"team_id":16},{"player_id":203,"team_id":16},{"player_id":1482,"team_id":16},{"player_id":124,"team_id":16},{"player_id":461,"team_id":16},{"player_id":485,"team_id":16},{"player_id":1433,"team_id":16},{"player_id":2087,"team_id":16},{"player_id":186,"team_id":16},{"player_id":244,"team_id":16},{"player_id":391,"team_id":16},{"player_id":1389,"team_id":16},{"player_id":2152,"team_id":16},{"player_id":1587,"team_id":16}]}
