{"data":[{"player_id":1336,"team_id":15},{"player_id":1403,"team_id":15},{"player_id":170,"team_id":15},{"player_id":1378,"team_id":15},{"player_id":512,"team_id":15},{"player_id":1225,"team_id":15},{"player_id":1161,"team_id":15},{"player_id":1379,"team_id":15},{"player_id":1031,"team_id":15},{"player_id":1380,"team_id":15},{"player_id":1109,"team_id":15},{"player_id":1285,"team_id":15},{"player_id":1181,"team_id":15},{"player_id":545,"team_id":15},{"player_id":2988,"team_id":15},{"player_id":647,"team_id":15},{"player_id":1033,"team_id":15}]}
