{"data":[{"player_id":188,"team_id":21},{"player_id":1513,"team_id":21},{"player_id":1896,"team_id":21},{"player_id":1536,"team_id":21},{"player_id":1543,"team_id":21},{"player_id":411,"team_id":21},{"player_id":1558,"team_id":21},{"player_id":1866,"team_id":21},{"player_id":192,"team_id":21},{"player_id":1758,"team_id":21},{"player_id":1303,"team_id":21},{"player_id":140,"team_id":21},{"player_id":223,"team_id":21},{"player_id":472,"team_id":21},{"player_id":1848,"team_id":21},{"player_id":1836,"team_id":21}]}
