{"data":[{"player_id":29,"team_id":18},{"player_id":1840,"team_id":18},{"player_id":1882,"team_id":18},{"player_id":113,"team_id":18},{"player_id":1733,"team_id":18},{"player_id":1942,"team_id":18},{"player_id":1689,"team_id":18},{"player_id":404,"team_id":18},{"player_id":2006,"team_id":18},{"player_id":1925,"team_id":18},{"player_id":1691,"team_id":18},{"player_id":1735,"team_id":18},{"player_id":1470,"team_id":18},{"player_id":1941,"team_id":18},{"player_id":1352,"team_id":18},{"player_id":1500,"team_id":18},{"player_id":1916,"team_id":18},{"player_id":285,"team_id":18},{"player_id":1883,"team_id":18}]}
