{"data":[{"player_id":1806,"team_id":10},{"player_id":1280,"team_id":10},{"player_id":1730,"team_id":10},{"player_id":1768,"team_id":10},{"player_id":1548,"team_id":10},{"player_id":1805,"team_id":10},{"player_id":1821,"team_id":10},{"player_id":111,"team_id":10},{"player_id":1662,"team_id":10},{"player_id":1235,"team_id":10},{"player_id":1635,"team_id":10},{"player_id":1823,"team_id":10},{"player_id":1788,"team_id":10},{"player_id":1701,"team_id":10},{"player_id":1759,"team_id":10},{"player_id":40,"team_id":10}]}
