{"data":[{"player_id":1041,"team_id":21},{"player_id":1513,"team_id":21},{"player_id":1623,"team_id":21},{"player_id":236,"team_id":21},{"player_id":1536,"team_id":21},{"player_id":1543,"team_id":21},{"player_id":411,"team_id":21},{"player_id":3,"team_id":21},{"player_id":1753,"team_id":21},{"player_id":140,"team_id":21},{"player_id":2005,"team_id":21},{"player_id":223,"team_id":21},{"player_id":472,"team_id":21},{"player_id":1870,"team_id":21},{"player_id":267,"team_id":21},{"player_id":394,"team_id":21},{"player_id":1854,"team_id":21}]}
