{"data":[{"player_id":113,"team_id":25},{"player_id":1497,"team_id":25},{"player_id":34,"team_id":25},{"player_id":1799,"team_id":25},{"player_id":6,"team_id":25},{"player_id":1689,"team_id":25},{"player_id":33,"team_id":25},{"player_id":319,"team_id":25},{"player_id":1512,"team_id":25},{"player_id":1222,"team_id":25},{"player_id":922,"team_id":25},{"player_id":1798,"team_id":25},{"player_id":1865,"team_id":25},{"player_id":1618,"team_id":25},{"player_id":1620,"team_id":25},{"player_id":1645,"team_id":25},{"player_id":1286,"team_id":25}]}
