{"data":[{"player_id":1280,"team_id":4},{"player_id":1671,"team_id":4},{"player_id":1887,"team_id":4},{"player_id":1846,"team_id":4},{"player_id":1343,"team_id":4},{"player_id":1504,"team_id":4},{"player_id":1368,"team_id":4},{"player_id":1845,"team_id":4},{"player_id":1367,"team_id":4},{"player_id":1747,"team_id":4},{"player_id":280,"team_id":4},{"player_id":1154,"team_id":4},{"player_id":1479,"team_id":4},{"player_id":21,"team_id":4},{"player_id":436,"team_id":4},{"player_id":1288,"team_id":4}]}
