{"data":[{"player_id":1217,"team_id":13},{"player_id":932,"team_id":13},{"player_id":1051,"team_id":13},{"player_id":1297,"team_id":13},{"player_id":883,"team_id":13},{"player_id":1263,"team_id":13},{"player_id":1295,"team_id":13},{"player_id":1296,"team_id":13},{"player_id":774,"team_id":13},{"player_id":1179,"team_id":13},{"player_id":1235,"team_id":13},{"player_id":1197,"team_id":13},{"player_id":1216,"team_id":13},{"player_id":1401,"team_id":13},{"player_id":1247,"team_id":13},{"player_id":758,"team_id":13}]}
