{"data":[{"player_id":29,"team_id":7},{"player_id":421,"team_id":7},{"player_id":271,"team_id":7},{"player_id":158,"team_id":7},{"player_id":346,"team_id":7},{"player_id":257,"team_id":7},{"player_id":250,"team_id":7},{"player_id":301,"team_id":7},{"player_id":132,"team_id":7},{"player_id":379,"team_id":7},{"player_id":292,"team_id":7},{"player_id":195,"team_id":7},{"player_id":73,"team_id":7},{"player_id":30,"team_id":7},{"player_id":312,"team_id":7},{"player_id":64,"team_id":7},{"player_id":16,"team_id":7}]}
