{"data":[{"player_id":1936,"team_id":6},{"player_id":1983,"team_id":6},{"player_id":463,"team_id":6},{"player_id":228,"team_id":6},{"player_id":2022,"team_id":6},{"player_id":1472,"team_id":6},{"player_id":1902,"team_id":6},{"player_id":1960,"team_id":6},{"player_id":316,"team_id":6},{"player_id":1716,"team_id":6},{"player_id":1672,"team_id":6},{"player_id":280,"team_id":6},{"player_id":1903,"team_id":6},{"player_id":1872,"team_id":6},{"player_id":1557,"team_id":6},{"player_id":90,"team_id":6},{"player_id":444,"team_id":6}]}
