{"data":[{"player_id":107,"team_id":26},{"player_id":1781,"team_id":26},{"player_id":1864,"team_id":26},{"player_id":1808,"team_id":26},{"player_id":1512,"team_id":26},{"player_id":309,"team_id":26},{"player_id":2061,"team_id":26},{"player_id":440,"team_id":26},{"player_id":1743,"team_id":26},{"player_id":171,"team_id":26},{"player_id":2020,"team_id":26},{"player_id":1938,"team_id":26},{"player_id":2074,"team_id":26},{"player_id":1941,"team_id":26},{"player_id":1901,"team_id":26},{"player_id":1989,"team_id":26}]}
