{"data":[{"player_id":1950,"team_id":17},{"player_id":1811,"team_id":17},{"player_id":258,"team_id":17},{"player_id":1898,"team_id":17},{"player_id":453,"team_id":17},{"player_id":430,"team_id":17},{"player_id":1894,"team_id":17},{"player_id":361,"team_id":17},{"player_id":205,"team_id":17},{"player_id":225,"team_id":17},{"player_id":2045,"team_id":17},{"player_id":2044,"team_id":17},{"player_id":15,"team_id":17},{"player_id":315,"team_id":17},{"player_id":1500,"team_id":17},{"player_id":2068,"team_id":17},{"player_id":1439,"team_id":17}]}
