{"data":[{"player_id":1127,"team_id":8},{"player_id":965,"team_id":8},{"player_id":1073,"team_id":8},{"player_id":561,"team_id":8},{"player_id":820,"team_id":8},{"player_id":2883,"team_id":8},{"player_id":1228,"team_id":8},{"player_id":2932,"team_id":8},{"player_id":993,"team_id":8},{"player_id":1227,"team_id":8},{"player_id":1402,"team_id":8},{"player_id":1320,"team_id":8},{"player_id":1193,"team_id":8},{"player_id":1389,"team_id":8},{"player_id":812,"team_id":8},{"player_id":1390,"team_id":8},{"player_id":837,"team_id":8}]}
