{"data":[{"player_id":367,"team_id":19},{"player_id":1532,"team_id":19},{"player_id":1919,"team_id":19},{"player_id":1559,"team_id":19},{"player_id":1474,"team_id":19},{"player_id":423,"team_id":19},{"player_id":1706,"team_id":19},{"player_id":1864,"team_id":19},{"player_id":1920,"team_id":19},{"player_id":1743,"team_id":19},{"player_id":1619,"team_id":19},{"player_id":1481,"team_id":19},{"player_id":374,"team_id":19},{"player_id":20,"team_id":19},{"player_id":40,"team_id":19},{"player_id":1839,"team_id":19}]}
