{"data":[{"player_id":938,"team_id":2},{"player_id":1175,"team_id":2},{"player_id":1025,"team_id":2},{"player_id":1405,"team_id":2},{"player_id":1009,"team_id":2},{"player_id":646,"team_id":2},{"player_id":1218,"team_id":2},{"player_id":697,"team_id":2},{"player_id":1314,"team_id":2},{"player_id":1090,"team_id":2},{"player_id":1366,"team_id":2},{"player_id":1364,"team_id":2},{"player_id":1015,"team_id":2},{"player_id":1168,"team_id":2},{"player_id":1365,"team_id":2},{"player_id":1022,"team_id":2}]}
