{"data":[{"player_id":367,"team_id":13},{"player_id":1280,"team_id":13},{"player_id":389,"team_id":13},{"player_id":103,"team_id":13},{"player_id":138,"team_id":13},{"player_id":1474,"team_id":13},{"player_id":250,"team_id":13},{"player_id":111,"team_id":13},{"player_id":1866,"team_id":13},{"player_id":2002,"team_id":13},{"player_id":1522,"team_id":13},{"player_id":1198,"team_id":13},{"player_id":1528,"team_id":13},{"player_id":75,"team_id":13},{"player_id":1290,"team_id":13},{"player_id":1732,"team_id":13},{"player_id":189,"team_id":13}]}
