{"data":[{"player_id":1882,"team_id":18},{"player_id":1547,"team_id":18},{"player_id":144,"team_id":18},{"player_id":39,"team_id":18},{"player_id":446,"team_id":18},{"player_id":1867,"team_id":18},{"player_id":1764,"team_id":18},{"player_id":245,"team_id":18},{"player_id":1859,"team_id":18},{"player_id":1705,"team_id":18},{"player_id":1500,"team_id":18},{"player_id":285,"team_id":18},{"player_id":1495,"team_id":18},{"player_id":263,"team_id":18},{"player_id":1620,"team_id":18},{"player_id":1883,"team_id":18}]}
