{"data":[{"player_id":1599,"team_id":2},{"player_id":34,"team_id":2},{"player_id":2033,"team_id":2},{"player_id":188,"team_id":2},{"player_id":1343,"team_id":2},{"player_id":1535,"team_id":2},{"player_id":1774,"team_id":2},{"player_id":67,"team_id":2},{"player_id":2024,"team_id":2},{"player_id":400,"team_id":2},{"player_id":2067,"team_id":2},{"player_id":1507,"team_id":2},{"player_id":1978,"team_id":2},{"player_id":59,"team_id":2},{"player_id":358,"team_id":2},{"player_id":2065,"team_id":2},{"player_id":2032,"team_id":2}]}
