{"data":[{"player_id":1551,"team_id":15},{"player_id":1671,"team_id":15},{"player_id":188,"team_id":15},{"player_id":388,"team_id":15},{"player_id":187,"team_id":15},{"player_id":271,"team_id":15},{"player_id":276,"team_id":15},{"player_id":88,"team_id":15},{"player_id":2086,"team_id":15},{"player_id":104,"team_id":15},{"player_id":2100,"team_id":15},{"player_id":2087,"team_id":15},{"player_id":2096,"team_id":15},{"player_id":2046,"team_id":15},{"player_id":1416,"team_id":15},{"player_id":1552,"team_id":15},{"player_id":263,"team_id":15},{"player_id":169,"team_id":15}]}
