{"data":[{"player_id":1671,"team_id":4},{"player_id":1607,"team_id":4},{"player_id":1945,"team_id":4},{"player_id":1504,"team_id":4},{"player_id":255,"team_id":4},{"player_id":1845,"team_id":4},{"player_id":1562,"team_id":4},{"player_id":1367,"team_id":4},{"player_id":48,"team_id":4},{"player_id":1866,"team_id":4},{"player_id":1889,"team_id":4},{"player_id":2011,"team_id":4},{"player_id":465,"team_id":4},{"player_id":1791,"team_id":4},{"player_id":1413,"team_id":4},{"player_id":1391,"team_id":4},{"player_id":1870,"team_id":4}]}
