{"data":[{"player_id":1873,"team_id":2},{"player_id":1471,"team_id":2},{"player_id":1694,"team_id":2},{"player_id":1513,"team_id":2},{"player_id":1312,"team_id":2},{"player_id":948,"team_id":2},{"player_id":1622,"team_id":2},{"player_id":1832,"team_id":2},{"player_id":1842,"team_id":2},{"player_id":942,"team_id":2},{"player_id":400,"team_id":2},{"player_id":1399,"team_id":2},{"player_id":971,"team_id":2},{"player_id":1036,"team_id":2},{"player_id":1552,"team_id":2},{"player_id":1763,"team_id":2},{"player_id":1168,"team_id":2}]}
