{"data":[{"player_id":1542,"team_id":3},{"player_id":2014,"team_id":3},{"player_id":1343,"team_id":3},{"player_id":1535,"team_id":3},{"player_id":946,"team_id":3},{"player_id":1884,"team_id":3},{"player_id":1643,"team_id":3},{"player_id":1435,"team_id":3},{"player_id":67,"team_id":3},{"player_id":2013,"team_id":3},{"player_id":283,"team_id":3},{"player_id":1364,"team_id":3},{"player_id":1507,"team_id":3},{"player_id":1788,"team_id":3},{"player_id":1601,"team_id":3},{"player_id":2015,"team_id":3}]}
