{"data":[{"player_id":1983,"team_id":6},{"player_id":463,"team_id":6},{"player_id":228,"team_id":6},{"player_id":2071,"team_id":6},{"player_id":124,"team_id":6},{"player_id":2027,"team_id":6},{"player_id":1608,"team_id":6},{"player_id":316,"team_id":6},{"player_id":114,"team_id":6},{"player_id":2062,"team_id":6},{"player_id":123,"team_id":6},{"player_id":1857,"team_id":6},{"player_id":1619,"team_id":6},{"player_id":1872,"team_id":6},{"player_id":1557,"team_id":6},{"player_id":2073,"team_id":6},{"player_id":2042,"team_id":6},{"player_id":444,"team_id":6},{"player_id":2048,"team_id":6},{"player_id":2060,"team_id":6}]}
