{"data":[{"player_id":270,"team_id":12},{"player_id":54,"team_id":12},{"player_id":406,"team_id":12},{"player_id":2223,"team_id":12},{"player_id":395,"team_id":12},{"player_id":1553,"team_id":12},{"player_id":103,"team_id":12},{"player_id":2228,"team_id":12},{"player_id":452,"team_id":12},{"player_id":381,"team_id":12},{"player_id":431,"team_id":12},{"player_id":1538,"team_id":12},{"player_id":2133,"team_id":12},{"player_id":432,"team_id":12},{"player_id":14,"team_id":12},{"player_id":251,"team_id":12},{"player_id":357,"team_id":12},{"player_id":489,"team_id":12}]}
