{"data":[{"player_id":3061,"team_id":13},{"player_id":844,"team_id":13},{"player_id":2869,"team_id":13},{"player_id":866,"team_id":13},{"player_id":813,"team_id":13},{"player_id":769,"team_id":13},{"player_id":743,"team_id":13},{"player_id":3070,"team_id":13},{"player_id":3006,"team_id":13},{"player_id":2911,"team_id":13},{"player_id":860,"team_id":13},{"player_id":2907,"team_id":13},{"player_id":3074,"team_id":13},{"player_id":676,"team_id":13},{"player_id":2962,"team_id":13},{"player_id":526,"team_id":13}]}
