{"data":[{"player_id":2895,"team_id":23},{"player_id":944,"team_id":23},{"player_id":1037,"team_id":23},{"player_id":1381,"team_id":23},{"player_id":815,"team_id":23},{"player_id":1355,"team_id":23},{"player_id":1248,"team_id":23},{"player_id":1339,"team_id":23},{"player_id":1393,"team_id":23},{"player_id":886,"team_id":23},{"player_id":1234,"team_id":23},{"player_id":1356,"team_id":23},{"player_id":780,"team_id":23},{"player_id":660,"team_id":23},{"player_id":1270,"team_id":23},{"player_id":2967,"team_id":23},{"player_id":1159,"team_id":23},{"player_id":1268,"team_id":23}]}
