{"data":[{"player_id":964,"team_id":1},{"player_id":958,"team_id":1},{"player_id":1323,"team_id":1},{"player_id":1242,"team_id":1},{"player_id":882,"team_id":1},{"player_id":816,"team_id":1},{"player_id":1112,"team_id":1},{"player_id":1047,"team_id":1},{"player_id":1244,"team_id":1},{"player_id":1254,"team_id":1},{"player_id":1154,"team_id":1},{"player_id":1018,"team_id":1},{"player_id":931,"team_id":1},{"player_id":1275,"team_id":1},{"player_id":1276,"team_id":1},{"player_id":1106,"team_id":1},{"player_id":1243,"team_id":1}]}
