{"data":[{"player_id":415,"team_id":20},{"player_id":155,"team_id":20},{"player_id":94,"team_id":20},{"player_id":1297,"team_id":20},{"player_id":948,"team_id":20},{"player_id":1016,"team_id":20},{"player_id":424,"team_id":20},{"player_id":17,"team_id":20},{"player_id":1695,"team_id":20},{"player_id":978,"team_id":20},{"player_id":1433,"team_id":20},{"player_id":2009,"team_id":20},{"player_id":1688,"team_id":20},{"player_id":1725,"team_id":20},{"player_id":1686,"team_id":20},{"player_id":2008,"team_id":20},{"player_id":1281,"team_id":20},{"player_id":908,"team_id":20}]}
