{"data":[{"player_id":990,"team_id":28},{"player_id":1330,"team_id":28},{"player_id":2954,"team_id":28},{"player_id":88,"team_id":28},{"player_id":1100,"team_id":28},{"player_id":833,"team_id":28},{"player_id":1316,"team_id":28},{"player_id":1013,"team_id":28},{"player_id":1120,"team_id":28},{"player_id":1303,"team_id":28},{"player_id":1194,"team_id":28},{"player_id":2957,"team_id":28},{"player_id":1188,"team_id":28},{"player_id":765,"team_id":28},{"player_id":2948,"team_id":28},{"player_id":617,"team_id":28},{"player_id":2962,"team_id":28}]}
