{"data":[{"player_id":188,"team_id":30},{"player_id":2182,"team_id":30},{"player_id":376,"team_id":30},{"player_id":386,"team_id":30},{"player_id":68,"team_id":30},{"player_id":377,"team_id":30},{"player_id":423,"team_id":30},{"player_id":467,"team_id":30},{"player_id":294,"team_id":30},{"player_id":220,"team_id":30},{"player_id":37,"team_id":30},{"player_id":74,"team_id":30},{"player_id":329,"team_id":30},{"player_id":408,"team_id":30},{"player_id":310,"team_id":30},{"player_id":2189,"team_id":30},{"player_id":121,"team_id":30},{"player_id":20,"team_id":30},{"player_id":396,"team_id":30}]}
