{"data":[{"player_id":2106,"team_id":26},{"player_id":107,"team_id":26},{"player_id":103,"team_id":26},{"player_id":1781,"team_id":26},{"player_id":1808,"team_id":26},{"player_id":1435,"team_id":26},{"player_id":309,"team_id":26},{"player_id":2061,"team_id":26},{"player_id":429,"team_id":26},{"player_id":171,"team_id":26},{"player_id":2117,"team_id":26},{"player_id":1791,"team_id":26},{"player_id":2125,"team_id":26},{"player_id":1941,"team_id":26},{"player_id":90,"team_id":26},{"player_id":1732,"team_id":26},{"player_id":2126,"team_id":26}]}
