{"data":[{"player_id":2080,"team_id":23},{"player_id":2112,"team_id":23},{"player_id":1942,"team_id":23},{"player_id":2027,"team_id":23},{"player_id":2079,"team_id":23},{"player_id":2115,"team_id":23},{"player_id":108,"team_id":23},{"player_id":345,"team_id":23},{"player_id":2004,"team_id":23},{"player_id":1372,"team_id":23},{"player_id":182,"team_id":23},{"player_id":2054,"team_id":23},{"player_id":302,"team_id":23},{"player_id":2103,"team_id":23},{"player_id":2108,"team_id":23},{"player_id":2055,"team_id":23},{"player_id":1961,"team_id":23},{"player_id":86,"team_id":23}]}
