{"data":[{"player_id":191,"team_id":20},{"player_id":442,"team_id":20},{"player_id":347,"team_id":20},{"player_id":1771,"team_id":20},{"player_id":378,"team_id":20},{"player_id":39,"team_id":20},{"player_id":25,"team_id":20},{"player_id":271,"team_id":20},{"player_id":209,"team_id":20},{"player_id":253,"team_id":20},{"player_id":207,"team_id":20},{"player_id":352,"team_id":20},{"player_id":1619,"team_id":20},{"player_id":134,"team_id":20},{"player_id":76,"team_id":20},{"player_id":305,"team_id":20},{"player_id":1791,"team_id":20},{"player_id":483,"team_id":20},{"player_id":2156,"team_id":20},{"player_id":261,"team_id":20}]}
