{"data":[{"player_id":1505,"team_id":30},{"player_id":1149,"team_id":30},{"player_id":1675,"team_id":30},{"player_id":1643,"team_id":30},{"player_id":306,"team_id":30},{"player_id":467,"team_id":30},{"player_id":1842,"team_id":30},{"player_id":1745,"team_id":30},{"player_id":1900,"team_id":30},{"player_id":1753,"team_id":30},{"player_id":1830,"team_id":30},{"player_id":1767,"team_id":30},{"player_id":1470,"team_id":30},{"player_id":1871,"team_id":30},{"player_id":1746,"team_id":30},{"player_id":1901,"team_id":30},{"player_id":1904,"team_id":30}]}
