{"data":[{"player_id":1540,"team_id":13},{"player_id":1185,"team_id":13},{"player_id":1571,"team_id":13},{"player_id":1501,"team_id":13},{"player_id":1785,"team_id":13},{"player_id":1116,"team_id":13},{"player_id":1595,"team_id":13},{"player_id":1787,"team_id":13},{"player_id":1682,"team_id":13},{"player_id":855,"team_id":13},{"player_id":1448,"team_id":13},{"player_id":1235,"team_id":13},{"player_id":1751,"team_id":13},{"player_id":1499,"team_id":13},{"player_id":1109,"team_id":13},{"player_id":1767,"team_id":13},{"player_id":1411,"team_id":13},{"player_id":1247,"team_id":13},{"player_id":1184,"team_id":13}]}
