{"data":[{"player_id":415,"team_id":26},{"player_id":299,"team_id":26},{"player_id":157,"team_id":26},{"player_id":161,"team_id":26},{"player_id":174,"team_id":26},{"player_id":235,"team_id":26},{"player_id":1764,"team_id":26},{"player_id":309,"team_id":26},{"player_id":210,"team_id":26},{"player_id":49,"team_id":26},{"player_id":166,"team_id":26},{"player_id":483,"team_id":26},{"player_id":263,"team_id":26},{"player_id":91,"team_id":26},{"player_id":53,"team_id":26},{"player_id":24,"team_id":26}]}
