{"data":[{"player_id":1280,"team_id":10},{"player_id":1730,"team_id":10},{"player_id":1548,"team_id":10},{"player_id":1103,"team_id":10},{"player_id":1595,"team_id":10},{"player_id":1456,"team_id":10},{"player_id":1237,"team_id":10},{"player_id":1172,"team_id":10},{"player_id":1372,"team_id":10},{"player_id":1522,"team_id":10},{"player_id":1679,"team_id":10},{"player_id":1727,"team_id":10},{"player_id":1489,"team_id":10},{"player_id":1654,"team_id":10},{"player_id":1635,"team_id":10},{"player_id":1477,"team_id":10},{"player_id":1616,"team_id":10}]}
