{"data":[{"player_id":2878,"team_id":10},{"player_id":2982,"team_id":10},{"player_id":662,"team_id":10},{"player_id":596,"team_id":10},{"player_id":789,"team_id":10},{"player_id":796,"team_id":10},{"player_id":2985,"team_id":10},{"player_id":2898,"team_id":10},{"player_id":794,"team_id":10},{"player_id":748,"team_id":10},{"player_id":749,"team_id":10},{"player_id":590,"team_id":10},{"player_id":576,"team_id":10},{"player_id":544,"team_id":10},{"player_id":750,"team_id":10},{"player_id":684,"team_id":10},{"player_id":613,"team_id":10},{"player_id":620,"team_id":10},{"player_id":663,"team_id":10},{"player_id":787,"team_id":10}]}
