{"data":[{"player_id":54,"team_id":3},{"player_id":2149,"team_id":3},{"player_id":144,"team_id":3},{"player_id":1960,"team_id":3},{"player_id":2027,"team_id":3},{"player_id":1700,"team_id":3},{"player_id":2064,"team_id":3},{"player_id":2124,"team_id":3},{"player_id":283,"team_id":3},{"player_id":1619,"team_id":3},{"player_id":2104,"team_id":3},{"player_id":1364,"team_id":3},{"player_id":2074,"team_id":3},{"player_id":216,"team_id":3},{"player_id":1996,"team_id":3},{"player_id":2060,"team_id":3},{"player_id":489,"team_id":3}]}
