{"data":[{"player_id":3061,"team_id":11},{"player_id":932,"team_id":11},{"player_id":830,"team_id":11},{"player_id":754,"team_id":11},{"player_id":738,"team_id":11},{"player_id":592,"team_id":11},{"player_id":632,"team_id":11},{"player_id":540,"team_id":11},{"player_id":715,"team_id":11},{"player_id":2965,"team_id":11},{"player_id":716,"team_id":11},{"player_id":1001,"team_id":11},{"player_id":503,"team_id":11},{"player_id":645,"team_id":11},{"player_id":904,"team_id":11},{"player_id":3056,"team_id":11},{"player_id":2861,"team_id":11},{"player_id":956,"team_id":11}]}
