{"data":[{"player_id":113,"team_id":19},{"player_id":1908,"team_id":19},{"player_id":1816,"team_id":19},{"player_id":1895,"team_id":19},{"player_id":1850,"team_id":19},{"player_id":2043,"team_id":19},{"player_id":2097,"team_id":19},{"player_id":178,"team_id":19},{"player_id":150,"team_id":19},{"player_id":2050,"team_id":19},{"player_id":214,"team_id":19},{"player_id":1879,"team_id":19},{"player_id":1406,"team_id":19},{"player_id":13,"team_id":19},{"player_id":1938,"team_id":19},{"player_id":374,"team_id":19},{"player_id":117,"team_id":19},{"player_id":317,"team_id":19}]}
