{"data":[{"player_id":1921,"team_id":1},{"player_id":2007,"team_id":1},{"player_id":262,"team_id":1},{"player_id":84,"team_id":1},{"player_id":219,"team_id":1},{"player_id":481,"team_id":1},{"player_id":318,"team_id":1},{"player_id":337,"team_id":1},{"player_id":435,"team_id":1},{"player_id":1980,"team_id":1},{"player_id":410,"team_id":1},{"player_id":1830,"team_id":1},{"player_id":291,"team_id":1},{"player_id":409,"team_id":1},{"player_id":1247,"team_id":1},{"player_id":2049,"team_id":1},{"player_id":1952,"team_id":1}]}
