{"data":[{"player_id":2900,"team_id":14},{"player_id":2998,"team_id":14},{"player_id":555,"team_id":14},{"player_id":880,"team_id":14},{"player_id":843,"team_id":14},{"player_id":2903,"team_id":14},{"player_id":744,"team_id":14},{"player_id":631,"team_id":14},{"player_id":3020,"team_id":14},{"player_id":3014,"team_id":14},{"player_id":2972,"team_id":14},{"player_id":733,"team_id":14},{"player_id":881,"team_id":14},{"player_id":811,"team_id":14},{"player_id":812,"team_id":14},{"player_id":2991,"team_id":14}]}
