{"data":[{"player_id":1547,"team_id":13},{"player_id":1440,"team_id":13},{"player_id":1016,"team_id":13},{"player_id":178,"team_id":13},{"player_id":1206,"team_id":13},{"player_id":250,"team_id":13},{"player_id":1790,"team_id":13},{"player_id":1809,"team_id":13},{"player_id":1237,"team_id":13},{"player_id":1678,"team_id":13},{"player_id":1155,"team_id":13},{"player_id":1499,"team_id":13},{"player_id":1767,"team_id":13},{"player_id":1686,"team_id":13},{"player_id":1414,"team_id":13},{"player_id":1684,"team_id":13}]}
