{"data":[{"player_id":415,"team_id":6},{"player_id":237,"team_id":6},{"player_id":228,"team_id":6},{"player_id":2098,"team_id":6},{"player_id":1299,"team_id":6},{"player_id":424,"team_id":6},{"player_id":1517,"team_id":6},{"player_id":197,"team_id":6},{"player_id":332,"team_id":6},{"player_id":123,"team_id":6},{"player_id":2092,"team_id":6},{"player_id":1557,"team_id":6},{"player_id":1226,"team_id":6},{"player_id":444,"team_id":6},{"player_id":1391,"team_id":6},{"player_id":1844,"team_id":6},{"player_id":285,"team_id":6}]}
