{"data":[{"player_id":1677,"team_id":29},{"player_id":1919,"team_id":29},{"player_id":77,"team_id":29},{"player_id":84,"team_id":29},{"player_id":1553,"team_id":29},{"player_id":1342,"team_id":29},{"player_id":253,"team_id":29},{"player_id":153,"team_id":29},{"player_id":1928,"team_id":29},{"player_id":318,"team_id":29},{"player_id":1486,"team_id":29},{"player_id":1984,"team_id":29},{"player_id":1890,"team_id":29},{"player_id":482,"team_id":29},{"player_id":1344,"team_id":29},{"player_id":204,"team_id":29}]}
