{"data":[{"player_id":1882,"team_id":18},{"player_id":1964,"team_id":18},{"player_id":1530,"team_id":18},{"player_id":268,"team_id":18},{"player_id":447,"team_id":18},{"player_id":404,"team_id":18},{"player_id":1222,"team_id":18},{"player_id":249,"team_id":18},{"player_id":2102,"team_id":18},{"player_id":49,"team_id":18},{"player_id":971,"team_id":18},{"player_id":1416,"team_id":18},{"player_id":475,"team_id":18},{"player_id":2081,"team_id":18},{"player_id":129,"team_id":18},{"player_id":2053,"team_id":18}]}
