{"data":[{"player_id":730,"team_id":30},{"player_id":820,"team_id":30},{"player_id":585,"team_id":30},{"player_id":2865,"team_id":30},{"player_id":575,"team_id":30},{"player_id":731,"team_id":30},{"player_id":822,"team_id":30},{"player_id":774,"team_id":30},{"player_id":821,"team_id":30},{"player_id":729,"team_id":30},{"player_id":692,"team_id":30},{"player_id":868,"team_id":30},{"player_id":2976,"team_id":30},{"player_id":3055,"team_id":30},{"player_id":848,"team_id":30},{"player_id":2955,"team_id":30}]}
