{"data":[{"player_id":237,"team_id":6},{"player_id":1152,"team_id":6},{"player_id":1441,"team_id":6},{"player_id":1323,"team_id":6},{"player_id":1484,"team_id":6},{"player_id":1716,"team_id":6},{"player_id":944,"team_id":6},{"player_id":1793,"team_id":6},{"player_id":1663,"team_id":6},{"player_id":1107,"team_id":6},{"player_id":1451,"team_id":6},{"player_id":1585,"team_id":6},{"player_id":1515,"team_id":6},{"player_id":1203,"team_id":6},{"player_id":1557,"team_id":6},{"player_id":1674,"team_id":6},{"player_id":1708,"team_id":6}]}
