{"data":[{"player_id":1899,"team_id":6},{"player_id":1902,"team_id":6},{"player_id":1769,"team_id":6},{"player_id":1716,"team_id":6},{"player_id":1486,"team_id":6},{"player_id":1198,"team_id":6},{"player_id":1626,"team_id":6},{"player_id":1872,"team_id":6},{"player_id":1913,"team_id":6},{"player_id":1557,"team_id":6},{"player_id":1791,"team_id":6},{"player_id":1796,"team_id":6},{"player_id":1828,"team_id":6},{"player_id":1732,"team_id":6},{"player_id":1676,"team_id":6},{"player_id":1139,"team_id":6}]}
