{"data":[{"player_id":2941,"team_id":10},{"player_id":2878,"team_id":10},{"player_id":662,"team_id":10},{"player_id":925,"team_id":10},{"player_id":562,"team_id":10},{"player_id":2879,"team_id":10},{"player_id":911,"team_id":10},{"player_id":749,"team_id":10},{"player_id":927,"team_id":10},{"player_id":731,"team_id":10},{"player_id":535,"team_id":10},{"player_id":576,"team_id":10},{"player_id":750,"team_id":10},{"player_id":663,"team_id":10},{"player_id":633,"team_id":10},{"player_id":917,"team_id":10},{"player_id":3058,"team_id":10}]}
