{"data":[{"player_id":330,"team_id":8},{"player_id":196,"team_id":8},{"player_id":110,"team_id":8},{"player_id":31,"team_id":8},{"player_id":95,"team_id":8},{"player_id":1346,"team_id":8},{"player_id":246,"team_id":8},{"player_id":318,"team_id":8},{"player_id":333,"team_id":8},{"player_id":1812,"team_id":8},{"player_id":206,"team_id":8},{"player_id":290,"team_id":8},{"player_id":371,"team_id":8},{"player_id":289,"team_id":8},{"player_id":335,"team_id":8},{"player_id":38,"team_id":8},{"player_id":152,"team_id":8}]}
