{"data":[{"player_id":3051,"team_id":16},{"player_id":691,"team_id":16},{"player_id":3050,"team_id":16},{"player_id":713,"team_id":16},{"player_id":577,"team_id":16},{"player_id":499,"team_id":16},{"player_id":978,"team_id":16},{"player_id":2934,"team_id":16},{"player_id":993,"team_id":16},{"player_id":979,"team_id":16},{"player_id":2856,"team_id":16},{"player_id":684,"team_id":16},{"player_id":579,"team_id":16},{"player_id":980,"team_id":16},{"player_id":771,"team_id":16},{"player_id":2955,"team_id":16}]}
