{"data":[{"player_id":167,"team_id":13},{"player_id":2185,"team_id":13},{"player_id":466,"team_id":13},{"player_id":250,"team_id":13},{"player_id":2210,"team_id":13},{"player_id":481,"team_id":13},{"player_id":2205,"team_id":13},{"player_id":478,"team_id":13},{"player_id":437,"team_id":13},{"player_id":245,"team_id":13},{"player_id":2074,"team_id":13},{"player_id":194,"team_id":13},{"player_id":393,"team_id":13},{"player_id":445,"team_id":13},{"player_id":121,"team_id":13},{"player_id":189,"team_id":13},{"player_id":45,"team_id":13}]}
