{"data":[{"player_id":1077,"team_id":6},{"player_id":1110,"team_id":6},{"player_id":737,"team_id":6},{"player_id":662,"team_id":6},{"player_id":577,"team_id":6},{"player_id":1196,"team_id":6},{"player_id":1121,"team_id":6},{"player_id":896,"team_id":6},{"player_id":1279,"team_id":6},{"player_id":1222,"team_id":6},{"player_id":2949,"team_id":6},{"player_id":1107,"team_id":6},{"player_id":884,"team_id":6},{"player_id":1223,"team_id":6},{"player_id":793,"team_id":6},{"player_id":1094,"team_id":6},{"player_id":2861,"team_id":6},{"player_id":1159,"team_id":6}]}
