{"data":[{"player_id":237,"team_id":6},{"player_id":1740,"team_id":6},{"player_id":184,"team_id":6},{"player_id":1826,"team_id":6},{"player_id":1769,"team_id":6},{"player_id":1716,"team_id":6},{"player_id":1574,"team_id":6},{"player_id":735,"team_id":6},{"player_id":1486,"team_id":6},{"player_id":1107,"team_id":6},{"player_id":1557,"team_id":6},{"player_id":1796,"team_id":6},{"player_id":1868,"team_id":6},{"player_id":1828,"team_id":6},{"player_id":1676,"team_id":6},{"player_id":1139,"team_id":6}]}
