{"data":[{"player_id":237,"team_id":16},{"player_id":2069,"team_id":16},{"player_id":39,"team_id":16},{"player_id":203,"team_id":16},{"player_id":1482,"team_id":16},{"player_id":1850,"team_id":16},{"player_id":1149,"team_id":16},{"player_id":461,"team_id":16},{"player_id":1517,"team_id":16},{"player_id":1466,"team_id":16},{"player_id":1378,"team_id":16},{"player_id":1798,"team_id":16},{"player_id":1801,"team_id":16},{"player_id":1966,"team_id":16},{"player_id":1933,"team_id":16},{"player_id":1036,"team_id":16},{"player_id":1389,"team_id":16}]}
