{"data":[{"player_id":964,"team_id":2},{"player_id":1738,"team_id":2},{"player_id":1547,"team_id":2},{"player_id":1513,"team_id":2},{"player_id":1553,"team_id":2},{"player_id":1623,"team_id":2},{"player_id":1574,"team_id":2},{"player_id":1251,"team_id":2},{"player_id":186,"team_id":2},{"player_id":400,"team_id":2},{"player_id":1179,"team_id":2},{"player_id":1399,"team_id":2},{"player_id":1714,"team_id":2},{"player_id":1552,"team_id":2},{"player_id":1168,"team_id":2},{"player_id":1676,"team_id":2}]}
