{"data":[{"player_id":730,"team_id":30},{"player_id":3036,"team_id":30},{"player_id":642,"team_id":30},{"player_id":592,"team_id":30},{"player_id":623,"team_id":30},{"player_id":719,"team_id":30},{"player_id":575,"team_id":30},{"player_id":528,"team_id":30},{"player_id":731,"team_id":30},{"player_id":2880,"team_id":30},{"player_id":774,"team_id":30},{"player_id":729,"team_id":30},{"player_id":594,"team_id":30},{"player_id":692,"team_id":30},{"player_id":701,"team_id":30},{"player_id":2976,"team_id":30},{"player_id":2955,"team_id":30}]}
