{"data":[{"player_id":376,"team_id":30},{"player_id":1440,"team_id":30},{"player_id":1441,"team_id":30},{"player_id":1535,"team_id":30},{"player_id":342,"team_id":30},{"player_id":179,"team_id":30},{"player_id":1222,"team_id":30},{"player_id":467,"team_id":30},{"player_id":37,"team_id":30},{"player_id":2058,"team_id":30},{"player_id":2038,"team_id":30},{"player_id":1667,"team_id":30},{"player_id":436,"team_id":30},{"player_id":1168,"team_id":30},{"player_id":1904,"team_id":30},{"player_id":1620,"team_id":30},{"player_id":1843,"team_id":30}]}
