{"data":[{"player_id":278,"team_id":25},{"player_id":1497,"team_id":25},{"player_id":1986,"team_id":25},{"player_id":275,"team_id":25},{"player_id":31,"team_id":25},{"player_id":6,"team_id":25},{"player_id":33,"team_id":25},{"player_id":301,"team_id":25},{"player_id":303,"team_id":25},{"player_id":163,"team_id":25},{"player_id":1499,"team_id":25},{"player_id":1996,"team_id":25},{"player_id":284,"team_id":25},{"player_id":109,"team_id":25},{"player_id":1985,"team_id":25},{"player_id":1587,"team_id":25}]}
