{"data":[{"player_id":113,"team_id":27},{"player_id":1988,"team_id":27},{"player_id":6,"team_id":27},{"player_id":170,"team_id":27},{"player_id":319,"team_id":27},{"player_id":464,"team_id":27},{"player_id":44,"team_id":27},{"player_id":473,"team_id":27},{"player_id":373,"team_id":27},{"player_id":171,"team_id":27},{"player_id":314,"team_id":27},{"player_id":125,"team_id":27},{"player_id":374,"team_id":27},{"player_id":159,"team_id":27},{"player_id":40,"team_id":27},{"player_id":147,"team_id":27}]}
