{"data":[{"player_id":1551,"team_id":26},{"player_id":1157,"team_id":26},{"player_id":1233,"team_id":26},{"player_id":1775,"team_id":26},{"player_id":1624,"team_id":26},{"player_id":1530,"team_id":26},{"player_id":1731,"team_id":26},{"player_id":1514,"team_id":26},{"player_id":1597,"team_id":26},{"player_id":1406,"team_id":26},{"player_id":1018,"team_id":26},{"player_id":1715,"team_id":26},{"player_id":1752,"team_id":26},{"player_id":1753,"team_id":26},{"player_id":1156,"team_id":26},{"player_id":1249,"team_id":26},{"player_id":1033,"team_id":26}]}
