{"data":[{"player_id":1921,"team_id":15},{"player_id":34,"team_id":15},{"player_id":388,"team_id":15},{"player_id":144,"team_id":15},{"player_id":1937,"team_id":15},{"player_id":276,"team_id":15},{"player_id":104,"team_id":15},{"player_id":1812,"team_id":15},{"player_id":1813,"team_id":15},{"player_id":2024,"team_id":15},{"player_id":2004,"team_id":15},{"player_id":1296,"team_id":15},{"player_id":1853,"team_id":15},{"player_id":1818,"team_id":15},{"player_id":171,"team_id":15},{"player_id":118,"team_id":15},{"player_id":1416,"team_id":15},{"player_id":1552,"team_id":15},{"player_id":374,"team_id":15},{"player_id":1819,"team_id":15},{"player_id":169,"team_id":15}]}
