{"data":[{"player_id":77,"team_id":29},{"player_id":343,"team_id":29},{"player_id":239,"team_id":29},{"player_id":226,"team_id":29},{"player_id":453,"team_id":29},{"player_id":404,"team_id":29},{"player_id":153,"team_id":29},{"player_id":411,"team_id":29},{"player_id":218,"team_id":29},{"player_id":323,"team_id":29},{"player_id":2226,"team_id":29},{"player_id":322,"team_id":29},{"player_id":2117,"team_id":29},{"player_id":2044,"team_id":29},{"player_id":344,"team_id":29},{"player_id":176,"team_id":29},{"player_id":351,"team_id":29},{"player_id":151,"team_id":29},{"player_id":60,"team_id":29}]}
