{"data":[{"player_id":385,"team_id":15},{"player_id":1771,"team_id":15},{"player_id":187,"team_id":15},{"player_id":87,"team_id":15},{"player_id":215,"team_id":15},{"player_id":3943,"team_id":15},{"player_id":430,"team_id":15},{"player_id":104,"team_id":15},{"player_id":364,"team_id":15},{"player_id":67,"team_id":15},{"player_id":12,"team_id":15},{"player_id":2116373,"team_id":15},{"player_id":66,"team_id":15},{"player_id":2099,"team_id":15},{"player_id":436,"team_id":15},{"player_id":470,"team_id":15},{"player_id":90,"team_id":15},{"player_id":291,"team_id":15},{"player_id":231,"team_id":15},{"player_id":169,"team_id":15}]}
