{"data":[{"player_id":442,"team_id":19},{"player_id":1542,"team_id":19},{"player_id":1816,"team_id":19},{"player_id":2043,"team_id":19},{"player_id":178,"team_id":19},{"player_id":150,"team_id":19},{"player_id":214,"team_id":19},{"player_id":10,"team_id":19},{"player_id":423,"team_id":19},{"player_id":1879,"team_id":19},{"player_id":1925,"team_id":19},{"player_id":1823,"team_id":19},{"player_id":13,"team_id":19},{"player_id":1735,"team_id":19},{"player_id":393,"team_id":19},{"player_id":117,"team_id":19},{"player_id":1459,"team_id":19},{"player_id":1993,"team_id":19},{"player_id":317,"team_id":19}]}
