{"data":[{"player_id":1550,"team_id":27},{"player_id":1089,"team_id":27},{"player_id":363,"team_id":27},{"player_id":1592,"team_id":27},{"player_id":1785,"team_id":27},{"player_id":1831,"team_id":27},{"player_id":446,"team_id":27},{"player_id":978,"team_id":27},{"player_id":1794,"team_id":27},{"player_id":1112,"team_id":27},{"player_id":1412,"team_id":27},{"player_id":1466,"team_id":27},{"player_id":942,"team_id":27},{"player_id":1081,"team_id":27},{"player_id":1719,"team_id":27},{"player_id":1521,"team_id":27},{"player_id":211,"team_id":27}]}
