{"data":[{"player_id":2184,"team_id":18},{"player_id":1777,"team_id":18},{"player_id":447,"team_id":18},{"player_id":79,"team_id":18},{"player_id":1896,"team_id":18},{"player_id":111,"team_id":18},{"player_id":249,"team_id":18},{"player_id":435,"team_id":18},{"player_id":49,"team_id":18},{"player_id":2136,"team_id":18},{"player_id":475,"team_id":18},{"player_id":173,"team_id":18},{"player_id":238,"team_id":18},{"player_id":129,"team_id":18},{"player_id":2053,"team_id":18},{"player_id":401,"team_id":18},{"player_id":366,"team_id":18}]}
