{"data":[{"player_id":1919,"team_id":24},{"player_id":1768,"team_id":24},{"player_id":136,"team_id":24},{"player_id":450,"team_id":24},{"player_id":51,"team_id":24},{"player_id":114,"team_id":24},{"player_id":328,"team_id":24},{"player_id":2056,"team_id":24},{"player_id":440,"team_id":24},{"player_id":186,"team_id":24},{"player_id":329,"team_id":24},{"player_id":75,"team_id":24},{"player_id":372,"team_id":24},{"player_id":1645,"team_id":24},{"player_id":1603,"team_id":24},{"player_id":273,"team_id":24},{"player_id":469,"team_id":24}]}
