{"data":[{"player_id":77,"team_id":29},{"player_id":1548,"team_id":29},{"player_id":1346,"team_id":29},{"player_id":253,"team_id":29},{"player_id":153,"team_id":29},{"player_id":1890,"team_id":29},{"player_id":482,"team_id":29},{"player_id":1803,"team_id":29},{"player_id":176,"team_id":29},{"player_id":1344,"team_id":29},{"player_id":76,"team_id":29},{"player_id":2019,"team_id":29},{"player_id":1961,"team_id":29},{"player_id":99,"team_id":29},{"player_id":1792,"team_id":29},{"player_id":204,"team_id":29},{"player_id":1656,"team_id":29}]}
