{"data":[{"player_id":228,"team_id":2},{"player_id":325,"team_id":2},{"player_id":439,"team_id":2},{"player_id":420,"team_id":2},{"player_id":488,"team_id":2},{"player_id":353,"team_id":2},{"player_id":434,"team_id":2},{"player_id":328,"team_id":2},{"player_id":219,"team_id":2},{"player_id":2178,"team_id":2},{"player_id":403,"team_id":2},{"player_id":2064,"team_id":2},{"player_id":339,"team_id":2},{"player_id":1976,"team_id":2},{"player_id":35,"team_id":2},{"player_id":2122,"team_id":2},{"player_id":70,"team_id":2},{"player_id":2216,"team_id":2},{"player_id":204,"team_id":2},{"player_id":47,"team_id":2}]}
