{"data":[{"player_id":1269,"team_id":22},{"player_id":1149,"team_id":22},{"player_id":271,"team_id":22},{"player_id":389,"team_id":22},{"player_id":1516,"team_id":22},{"player_id":1103,"team_id":22},{"player_id":1121,"team_id":22},{"player_id":1734,"team_id":22},{"player_id":179,"team_id":22},{"player_id":1187,"team_id":22},{"player_id":220,"team_id":22},{"player_id":1090,"team_id":22},{"player_id":1533,"team_id":22},{"player_id":1489,"team_id":22},{"player_id":1507,"team_id":22},{"player_id":1290,"team_id":22}]}
