{"data":[{"player_id":736,"team_id":10},{"player_id":2878,"team_id":10},{"player_id":1152,"team_id":10},{"player_id":902,"team_id":10},{"player_id":966,"team_id":10},{"player_id":1012,"team_id":10},{"player_id":1103,"team_id":10},{"player_id":1046,"team_id":10},{"player_id":1310,"team_id":10},{"player_id":815,"team_id":10},{"player_id":1309,"team_id":10},{"player_id":1198,"team_id":10},{"player_id":1234,"team_id":10},{"player_id":1088,"team_id":10},{"player_id":809,"team_id":10},{"player_id":2901,"team_id":10},{"player_id":1183,"team_id":10},{"player_id":1092,"team_id":10}]}
