{"data":[{"player_id":1280,"team_id":3},{"player_id":1336,"team_id":3},{"player_id":1119,"team_id":3},{"player_id":1282,"team_id":3},{"player_id":1151,"team_id":3},{"player_id":1266,"team_id":3},{"player_id":921,"team_id":3},{"player_id":1265,"team_id":3},{"player_id":855,"team_id":3},{"player_id":2952,"team_id":3},{"player_id":591,"team_id":3},{"player_id":774,"team_id":3},{"player_id":1027,"team_id":3},{"player_id":827,"team_id":3},{"player_id":1070,"team_id":3},{"player_id":2950,"team_id":3},{"player_id":1281,"team_id":3}]}
