{"data":[{"player_id":1185,"team_id":17},{"player_id":1721,"team_id":17},{"player_id":1287,"team_id":17},{"player_id":1206,"team_id":17},{"player_id":1436,"team_id":17},{"player_id":1486,"team_id":17},{"player_id":225,"team_id":17},{"player_id":1627,"team_id":17},{"player_id":1354,"team_id":17},{"player_id":1648,"team_id":17},{"player_id":1593,"team_id":17},{"player_id":1681,"team_id":17},{"player_id":1197,"team_id":17},{"player_id":1563,"team_id":17},{"player_id":1680,"team_id":17},{"player_id":1718,"team_id":17}]}
