{"data":[{"player_id":243,"team_id":9},{"player_id":149,"team_id":9},{"player_id":395,"team_id":9},{"player_id":236,"team_id":9},{"player_id":276,"team_id":9},{"player_id":361,"team_id":9},{"player_id":441,"team_id":9},{"player_id":168,"team_id":9},{"player_id":254,"team_id":9},{"player_id":2100,"team_id":9},{"player_id":80,"team_id":9},{"player_id":422,"team_id":9},{"player_id":75,"team_id":9},{"player_id":69,"team_id":9},{"player_id":137,"team_id":9},{"player_id":189,"team_id":9},{"player_id":281,"team_id":9}]}
