{"data":[{"player_id":463,"team_id":21},{"player_id":1991,"team_id":21},{"player_id":253,"team_id":21},{"player_id":368,"team_id":21},{"player_id":1536,"team_id":21},{"player_id":3,"team_id":21},{"player_id":2111,"team_id":21},{"player_id":2142,"team_id":21},{"player_id":1154,"team_id":21},{"player_id":1823,"team_id":21},{"player_id":140,"team_id":21},{"player_id":21,"team_id":21},{"player_id":1686,"team_id":21},{"player_id":223,"team_id":21},{"player_id":472,"team_id":21},{"player_id":394,"team_id":21}]}
