{"data":[{"player_id":2175,"team_id":24},{"player_id":94,"team_id":24},{"player_id":2196,"team_id":24},{"player_id":57,"team_id":24},{"player_id":43,"team_id":24},{"player_id":116,"team_id":24},{"player_id":234,"team_id":24},{"player_id":138,"team_id":24},{"player_id":2195,"team_id":24},{"player_id":454,"team_id":24},{"player_id":390,"team_id":24},{"player_id":199,"team_id":24},{"player_id":477,"team_id":24},{"player_id":2225,"team_id":24},{"player_id":82,"team_id":24},{"player_id":97,"team_id":24},{"player_id":273,"team_id":24},{"player_id":469,"team_id":24}]}
