{"data":[{"player_id":2088,"team_id":14},{"player_id":202,"team_id":14},{"player_id":124,"team_id":14},{"player_id":227,"team_id":14},{"player_id":27,"team_id":14},{"player_id":2234,"team_id":14},{"player_id":89,"team_id":14},{"player_id":1764,"team_id":14},{"player_id":100,"team_id":14},{"player_id":283,"team_id":14},{"player_id":74,"team_id":14},{"player_id":265,"team_id":14},{"player_id":1593,"team_id":14},{"player_id":1941,"team_id":14},{"player_id":493,"team_id":14},{"player_id":81,"team_id":14},{"player_id":2189,"team_id":14},{"player_id":2065,"team_id":14},{"player_id":387,"team_id":14},{"player_id":2091,"team_id":14}]}
