{"data":[{"player_id":1497,"team_id":14},{"player_id":2021,"team_id":14},{"player_id":170,"team_id":14},{"player_id":1876,"team_id":14},{"player_id":1857,"team_id":14},{"player_id":220,"team_id":14},{"player_id":1982,"team_id":14},{"player_id":1198,"team_id":14},{"player_id":1957,"team_id":14},{"player_id":1932,"team_id":14},{"player_id":1043,"team_id":14},{"player_id":1564,"team_id":14},{"player_id":311,"team_id":14},{"player_id":1249,"team_id":14},{"player_id":1039,"team_id":14},{"player_id":1851,"team_id":14}]}
