{"data":[{"player_id":1728,"team_id":3},{"player_id":1269,"team_id":3},{"player_id":1858,"team_id":3},{"player_id":1535,"team_id":3},{"player_id":271,"team_id":3},{"player_id":1800,"team_id":3},{"player_id":1723,"team_id":3},{"player_id":1744,"team_id":3},{"player_id":1745,"team_id":3},{"player_id":283,"team_id":3},{"player_id":1090,"team_id":3},{"player_id":1296,"team_id":3},{"player_id":1672,"team_id":3},{"player_id":1496,"team_id":3},{"player_id":1369,"team_id":3},{"player_id":1375,"team_id":3},{"player_id":195,"team_id":3}]}
