{"data":[{"player_id":241,"team_id":28},{"player_id":34,"team_id":28},{"player_id":1816,"team_id":28},{"player_id":1833,"team_id":28},{"player_id":1520,"team_id":28},{"player_id":1817,"team_id":28},{"player_id":1476,"team_id":28},{"player_id":1700,"team_id":28},{"player_id":1909,"team_id":28},{"player_id":1609,"team_id":28},{"player_id":1493,"team_id":28},{"player_id":1435,"team_id":28},{"player_id":1754,"team_id":28},{"player_id":80,"team_id":28},{"player_id":1814,"team_id":28},{"player_id":118,"team_id":28},{"player_id":125,"team_id":28}]}
