{"data":[{"player_id":2895,"team_id":3},{"player_id":3015,"team_id":3},{"player_id":558,"team_id":3},{"player_id":831,"team_id":3},{"player_id":857,"team_id":3},{"player_id":2939,"team_id":3},{"player_id":2894,"team_id":3},{"player_id":608,"team_id":3},{"player_id":3017,"team_id":3},{"player_id":697,"team_id":3},{"player_id":2945,"team_id":3},{"player_id":605,"team_id":3},{"player_id":2943,"team_id":3},{"player_id":2946,"team_id":3},{"player_id":2950,"team_id":3},{"player_id":832,"team_id":3}]}
