{"data":[{"player_id":2227,"team_id":1},{"player_id":2170,"team_id":1},{"player_id":2165,"team_id":1},{"player_id":120,"team_id":1},{"player_id":1879,"team_id":1},{"player_id":225,"team_id":1},{"player_id":383,"team_id":1},{"player_id":2190,"team_id":1},{"player_id":337,"team_id":1},{"player_id":1890,"team_id":1},{"player_id":101,"team_id":1},{"player_id":2194,"team_id":1},{"player_id":327,"team_id":1},{"player_id":272,"team_id":1},{"player_id":36,"team_id":1},{"player_id":372,"team_id":1},{"player_id":133,"team_id":1},{"player_id":42,"team_id":1},{"player_id":409,"team_id":1},{"player_id":93,"team_id":1},{"player_id":40,"team_id":1}]}
