{"data":[{"player_id":1988,"team_id":11},{"player_id":39,"team_id":11},{"player_id":1242,"team_id":11},{"player_id":1987,"team_id":11},{"player_id":1849,"team_id":11},{"player_id":2079,"team_id":11},{"player_id":1864,"team_id":11},{"player_id":1764,"team_id":11},{"player_id":220,"team_id":11},{"player_id":192,"team_id":11},{"player_id":83,"team_id":11},{"player_id":1661,"team_id":11},{"player_id":1541,"team_id":11},{"player_id":1932,"team_id":11},{"player_id":194,"team_id":11},{"player_id":121,"team_id":11},{"player_id":20,"team_id":11},{"player_id":45,"team_id":11}]}
