{"data":[{"player_id":1988,"team_id":11},{"player_id":1895,"team_id":11},{"player_id":1964,"team_id":11},{"player_id":116,"team_id":11},{"player_id":1777,"team_id":11},{"player_id":279,"team_id":11},{"player_id":1987,"team_id":11},{"player_id":1595,"team_id":11},{"player_id":1597,"team_id":11},{"player_id":364,"team_id":11},{"player_id":108,"team_id":11},{"player_id":1688,"team_id":11},{"player_id":220,"team_id":11},{"player_id":192,"team_id":11},{"player_id":82,"team_id":11},{"player_id":90,"team_id":11},{"player_id":45,"team_id":11}]}
