{"data":[{"player_id":155,"team_id":4},{"player_id":1816,"team_id":4},{"player_id":1559,"team_id":4},{"player_id":1343,"team_id":4},{"player_id":1807,"team_id":4},{"player_id":1367,"team_id":4},{"player_id":1726,"team_id":4},{"player_id":1663,"team_id":4},{"player_id":922,"team_id":4},{"player_id":1154,"team_id":4},{"player_id":1339,"team_id":4},{"player_id":1479,"team_id":4},{"player_id":1830,"team_id":4},{"player_id":1615,"team_id":4},{"player_id":21,"team_id":4},{"player_id":1835,"team_id":4},{"player_id":1692,"team_id":4}]}
