{"data":[{"player_id":513,"team_id":9},{"player_id":661,"team_id":9},{"player_id":592,"team_id":9},{"player_id":834,"team_id":9},{"player_id":2970,"team_id":9},{"player_id":567,"team_id":9},{"player_id":715,"team_id":9},{"player_id":618,"team_id":9},{"player_id":3059,"team_id":9},{"player_id":2984,"team_id":9},{"player_id":553,"team_id":9},{"player_id":533,"team_id":9},{"player_id":601,"team_id":9},{"player_id":862,"team_id":9},{"player_id":633,"team_id":9},{"player_id":835,"team_id":9},{"player_id":3045,"team_id":9}]}
