{"data":[{"player_id":1930,"team_id":10},{"player_id":1548,"team_id":10},{"player_id":443,"team_id":10},{"player_id":1641,"team_id":10},{"player_id":1346,"team_id":10},{"player_id":1781,"team_id":10},{"player_id":115,"team_id":10},{"player_id":185,"team_id":10},{"player_id":1998,"team_id":10},{"player_id":1663,"team_id":10},{"player_id":1931,"team_id":10},{"player_id":1803,"team_id":10},{"player_id":1619,"team_id":10},{"player_id":1593,"team_id":10},{"player_id":36,"team_id":10},{"player_id":30,"team_id":10}]}
