{"data":[{"player_id":2088,"team_id":17},{"player_id":34,"team_id":17},{"player_id":1811,"team_id":17},{"player_id":2110,"team_id":17},{"player_id":258,"team_id":17},{"player_id":1999,"team_id":17},{"player_id":138,"team_id":17},{"player_id":1894,"team_id":17},{"player_id":361,"team_id":17},{"player_id":205,"team_id":17},{"player_id":225,"team_id":17},{"player_id":362,"team_id":17},{"player_id":2044,"team_id":17},{"player_id":2109,"team_id":17},{"player_id":15,"team_id":17},{"player_id":315,"team_id":17},{"player_id":1281,"team_id":17}]}
