{"data":[{"player_id":299,"team_id":26},{"player_id":2080,"team_id":26},{"player_id":2119,"team_id":26},{"player_id":388,"team_id":26},{"player_id":2176,"team_id":26},{"player_id":161,"team_id":26},{"player_id":266,"team_id":26},{"player_id":88,"team_id":26},{"player_id":235,"team_id":26},{"player_id":392,"team_id":26},{"player_id":210,"team_id":26},{"player_id":2099,"team_id":26},{"player_id":436,"team_id":26},{"player_id":263,"team_id":26},{"player_id":91,"team_id":26},{"player_id":53,"team_id":26},{"player_id":211,"team_id":26}]}
