{"data":[{"player_id":191,"team_id":20},{"player_id":442,"team_id":20},{"player_id":347,"team_id":20},{"player_id":2007,"team_id":20},{"player_id":399,"team_id":20},{"player_id":25,"team_id":20},{"player_id":143,"team_id":20},{"player_id":50737,"team_id":20},{"player_id":459,"team_id":20},{"player_id":209,"team_id":20},{"player_id":253,"team_id":20},{"player_id":208,"team_id":20},{"player_id":449,"team_id":20},{"player_id":333,"team_id":20},{"player_id":134,"team_id":20},{"player_id":76,"team_id":20},{"player_id":2216,"team_id":20},{"player_id":259,"team_id":20},{"player_id":261,"team_id":20}]}
