{"data":[{"player_id":418,"team_id":22},{"player_id":229,"team_id":22},{"player_id":402,"team_id":22},{"player_id":1757,"team_id":22},{"player_id":369,"team_id":22},{"player_id":208,"team_id":22},{"player_id":2231,"team_id":22},{"player_id":177,"team_id":22},{"player_id":460,"team_id":22},{"player_id":48,"team_id":22},{"player_id":160,"team_id":22},{"player_id":2102,"team_id":22},{"player_id":1818,"team_id":22},{"player_id":230,"team_id":22},{"player_id":2217,"team_id":22},{"player_id":21,"team_id":22},{"player_id":291,"team_id":22},{"player_id":46,"team_id":22}]}
