{"data":[{"player_id":964,"team_id":9},{"player_id":965,"team_id":9},{"player_id":241,"team_id":9},{"player_id":1757,"team_id":9},{"player_id":1778,"team_id":9},{"player_id":948,"team_id":9},{"player_id":1693,"team_id":9},{"player_id":1245,"team_id":9},{"player_id":1345,"team_id":9},{"player_id":1496,"team_id":9},{"player_id":1438,"team_id":9},{"player_id":1097,"team_id":9},{"player_id":1784,"team_id":9},{"player_id":1416,"team_id":9},{"player_id":1628,"team_id":9},{"player_id":835,"team_id":9}]}
