{"data":[{"player_id":376,"team_id":30},{"player_id":1441,"team_id":30},{"player_id":342,"team_id":30},{"player_id":1947,"team_id":30},{"player_id":179,"team_id":30},{"player_id":467,"team_id":30},{"player_id":1172,"team_id":30},{"player_id":1900,"team_id":30},{"player_id":37,"team_id":30},{"player_id":1954,"team_id":30},{"player_id":2038,"team_id":30},{"player_id":436,"team_id":30},{"player_id":1848,"team_id":30},{"player_id":20,"team_id":30},{"player_id":1904,"team_id":30},{"player_id":1620,"team_id":30}]}
