{"data":[{"player_id":844,"team_id":13},{"player_id":756,"team_id":13},{"player_id":883,"team_id":13},{"player_id":866,"team_id":13},{"player_id":813,"team_id":13},{"player_id":769,"team_id":13},{"player_id":743,"team_id":13},{"player_id":573,"team_id":13},{"player_id":2911,"team_id":13},{"player_id":829,"team_id":13},{"player_id":884,"team_id":13},{"player_id":860,"team_id":13},{"player_id":2907,"team_id":13},{"player_id":494,"team_id":13},{"player_id":885,"team_id":13},{"player_id":2988,"team_id":13}]}
