{"data":[{"player_id":191,"team_id":20},{"player_id":442,"team_id":20},{"player_id":17,"team_id":20},{"player_id":1896,"team_id":20},{"player_id":2051,"team_id":20},{"player_id":1700,"team_id":20},{"player_id":423,"team_id":20},{"player_id":1433,"team_id":20},{"player_id":2064,"team_id":20},{"player_id":2090,"team_id":20},{"player_id":168,"team_id":20},{"player_id":1393,"team_id":20},{"player_id":80,"team_id":20},{"player_id":2020,"team_id":20},{"player_id":1735,"team_id":20},{"player_id":2008,"team_id":20},{"player_id":2091,"team_id":20}]}
