{"data":[{"player_id":1697,"team_id":10},{"player_id":1760,"team_id":10},{"player_id":1768,"team_id":10},{"player_id":1548,"team_id":10},{"player_id":279,"team_id":10},{"player_id":1641,"team_id":10},{"player_id":453,"team_id":10},{"player_id":115,"team_id":10},{"player_id":1436,"team_id":10},{"player_id":1354,"team_id":10},{"player_id":1341,"team_id":10},{"player_id":1889,"team_id":10},{"player_id":1635,"team_id":10},{"player_id":1735,"team_id":10},{"player_id":1870,"team_id":10},{"player_id":1587,"team_id":10}]}
