{"data":[{"player_id":2923,"team_id":26},{"player_id":854,"team_id":26},{"player_id":646,"team_id":26},{"player_id":2919,"team_id":26},{"player_id":804,"team_id":26},{"player_id":803,"team_id":26},{"player_id":732,"team_id":26},{"player_id":645,"team_id":26},{"player_id":504,"team_id":26},{"player_id":604,"team_id":26},{"player_id":2917,"team_id":26},{"player_id":2867,"team_id":26},{"player_id":701,"team_id":26},{"player_id":3062,"team_id":26},{"player_id":787,"team_id":26},{"player_id":3012,"team_id":26}]}
