{"data":[{"player_id":1050,"team_id":24},{"player_id":1353,"team_id":24},{"player_id":734,"team_id":24},{"player_id":516,"team_id":24},{"player_id":866,"team_id":24},{"player_id":806,"team_id":24},{"player_id":731,"team_id":24},{"player_id":1308,"team_id":24},{"player_id":1354,"team_id":24},{"player_id":1027,"team_id":24},{"player_id":1317,"team_id":24},{"player_id":1305,"team_id":24},{"player_id":1014,"team_id":24},{"player_id":1226,"team_id":24},{"player_id":1383,"team_id":24},{"player_id":799,"team_id":24}]}
