{"data":[{"player_id":203,"team_id":16},{"player_id":2968,"team_id":16},{"player_id":1009,"team_id":16},{"player_id":1673,"team_id":16},{"player_id":461,"team_id":16},{"player_id":1487,"team_id":16},{"player_id":735,"team_id":16},{"player_id":1227,"team_id":16},{"player_id":1672,"team_id":16},{"player_id":1161,"team_id":16},{"player_id":881,"team_id":16},{"player_id":771,"team_id":16},{"player_id":1604,"team_id":16},{"player_id":1603,"team_id":16},{"player_id":1158,"team_id":16},{"player_id":1587,"team_id":16}]}
