{"data":[{"player_id":243,"team_id":9},{"player_id":296,"team_id":9},{"player_id":2106,"team_id":9},{"player_id":143,"team_id":9},{"player_id":446,"team_id":9},{"player_id":236,"team_id":9},{"player_id":276,"team_id":9},{"player_id":2134,"team_id":9},{"player_id":168,"team_id":9},{"player_id":254,"team_id":9},{"player_id":200,"team_id":9},{"player_id":422,"team_id":9},{"player_id":2220,"team_id":9},{"player_id":75,"team_id":9},{"player_id":2034,"team_id":9},{"player_id":137,"team_id":9},{"player_id":59,"team_id":9}]}
