{"data":[{"player_id":1374,"team_id":30},{"player_id":1762,"team_id":30},{"player_id":1643,"team_id":30},{"player_id":306,"team_id":30},{"player_id":1488,"team_id":30},{"player_id":1747,"team_id":30},{"player_id":1419,"team_id":30},{"player_id":1198,"team_id":30},{"player_id":1709,"team_id":30},{"player_id":1370,"team_id":30},{"player_id":1298,"team_id":30},{"player_id":1746,"team_id":30},{"player_id":1391,"team_id":30},{"player_id":1439,"team_id":30},{"player_id":1748,"team_id":30},{"player_id":1394,"team_id":30}]}
