{"data":[{"player_id":126,"team_id":10},{"player_id":443,"team_id":10},{"player_id":107,"team_id":10},{"player_id":239,"team_id":10},{"player_id":41,"team_id":10},{"player_id":248,"team_id":10},{"player_id":115,"team_id":10},{"player_id":185,"team_id":10},{"player_id":106,"team_id":10},{"player_id":224,"team_id":10},{"player_id":280,"team_id":10},{"player_id":1593,"team_id":10},{"player_id":308,"team_id":10},{"player_id":272,"team_id":10},{"player_id":140,"team_id":10},{"player_id":282,"team_id":10},{"player_id":148,"team_id":10}]}
