{"data":[{"player_id":94,"team_id":24},{"player_id":1598,"team_id":24},{"player_id":57,"team_id":24},{"player_id":450,"team_id":24},{"player_id":71,"team_id":24},{"player_id":258,"team_id":24},{"player_id":1817,"team_id":24},{"player_id":51,"team_id":24},{"player_id":276,"team_id":24},{"player_id":2056,"team_id":24},{"player_id":2120,"team_id":24},{"player_id":477,"team_id":24},{"player_id":329,"team_id":24},{"player_id":2083,"team_id":24},{"player_id":273,"team_id":24},{"player_id":2015,"team_id":24},{"player_id":469,"team_id":24}]}
