{"data":[{"player_id":1119,"team_id":3},{"player_id":1347,"team_id":3},{"player_id":1346,"team_id":3},{"player_id":1121,"team_id":3},{"player_id":1024,"team_id":3},{"player_id":1348,"team_id":3},{"player_id":1271,"team_id":3},{"player_id":855,"team_id":3},{"player_id":1335,"team_id":3},{"player_id":1399,"team_id":3},{"player_id":967,"team_id":3},{"player_id":875,"team_id":3},{"player_id":827,"team_id":3},{"player_id":1281,"team_id":3},{"player_id":908,"team_id":3},{"player_id":1214,"team_id":3}]}
