{"data":[{"player_id":54,"team_id":3},{"player_id":1647,"team_id":3},{"player_id":2070,"team_id":3},{"player_id":1857,"team_id":3},{"player_id":283,"team_id":3},{"player_id":1619,"team_id":3},{"player_id":2104,"team_id":3},{"player_id":371,"team_id":3},{"player_id":1364,"team_id":3},{"player_id":971,"team_id":3},{"player_id":1957,"team_id":3},{"player_id":1601,"team_id":3},{"player_id":1352,"team_id":3},{"player_id":1927,"team_id":3},{"player_id":2083,"team_id":3},{"player_id":2060,"team_id":3},{"player_id":2015,"team_id":3}]}
