{"data":[{"player_id":1280,"team_id":10},{"player_id":847,"team_id":10},{"player_id":1730,"team_id":10},{"player_id":1768,"team_id":10},{"player_id":1548,"team_id":10},{"player_id":1132,"team_id":10},{"player_id":1779,"team_id":10},{"player_id":1237,"team_id":10},{"player_id":1172,"team_id":10},{"player_id":1113,"team_id":10},{"player_id":1522,"team_id":10},{"player_id":1679,"team_id":10},{"player_id":1489,"team_id":10},{"player_id":1635,"team_id":10},{"player_id":1788,"team_id":10},{"player_id":40,"team_id":10}]}
