{"data":[{"player_id":212,"team_id":19},{"player_id":326,"team_id":19},{"player_id":369,"team_id":19},{"player_id":52,"team_id":19},{"player_id":214,"team_id":19},{"player_id":127,"team_id":19},{"player_id":480,"team_id":19},{"player_id":321,"team_id":19},{"player_id":245,"team_id":19},{"player_id":233,"team_id":19},{"player_id":163,"team_id":19},{"player_id":117,"team_id":19},{"player_id":99,"team_id":19},{"player_id":387,"team_id":19},{"player_id":354,"team_id":19},{"player_id":50609,"team_id":19},{"player_id":317,"team_id":19}]}
