{"data":[{"player_id":831,"team_id":2},{"player_id":830,"team_id":2},{"player_id":1776,"team_id":2},{"player_id":1513,"team_id":2},{"player_id":1312,"team_id":2},{"player_id":1773,"team_id":2},{"player_id":1118,"team_id":2},{"player_id":1227,"team_id":2},{"player_id":400,"team_id":2},{"player_id":1399,"team_id":2},{"player_id":971,"team_id":2},{"player_id":1036,"team_id":2},{"player_id":1552,"team_id":2},{"player_id":1763,"team_id":2},{"player_id":1168,"team_id":2},{"player_id":1676,"team_id":2}]}
